{
 "task": "reachp2",
 "seed": 9,
 "d": 256,
 "nohalt_acc": 0.7254999876022339,
 "fixed_frontier": [
  0.29116666316986084,
  0.4751666486263275,
  0.6037499904632568,
  0.7036666870117188,
  0.7205833196640015,
  0.7254999876022339
 ],
 "arms": {
  "ent": {
   "tau": 0.00010431862028781325,
   "tau_ok": false,
   "acc": 0.6648333072662354,
   "steps": 5.423416614532471,
   "shuf_g": 0.6769333243370056,
   "shuf_b": 0.676533317565918,
   "corr_ans": -0.44594380259513855,
   "decomposition": {
    "early_right": 0.02824999950826168,
    "premature": 0.06291666626930237,
    "wrong_anyway": 0.0279999990016222,
    "full_depth": 0.8808333352208138,
    "prem_per_halt": 0.527972027972028
   },
   "curve": [
    [
     0.6648333072662354,
     5.423416614532471
    ],
    [
     0.5559999942779541,
     4.358583450317383
    ],
    [
     0.4743333160877228,
     3.588749885559082
    ],
    [
     0.42758333683013916,
     3.088083267211914
    ],
    [
     0.4049166738986969,
     2.6910831928253174
    ],
    [
     0.39116665720939636,
     2.477916717529297
    ],
    [
     0.3852500021457672,
     2.4141666889190674
    ],
    [
     0.38066667318344116,
     2.3685832023620605
    ],
    [
     0.3775833249092102,
     2.3303332328796387
    ],
    [
     0.37575000524520874,
     2.2898333072662354
    ],
    [
     0.3714166581630707,
     2.2432498931884766
    ],
    [
     0.36508333683013916,
     2.1789166927337646
    ],
    [
     0.3583333194255829,
     2.099250078201294
    ],
    [
     0.3530833423137665,
     2.0170834064483643
    ],
    [
     0.3491666615009308,
     1.9357500076293945
    ],
    [
     0.3464166522026062,
     1.8670833110809326
    ],
    [
     0.34466665983200073,
     1.8019999265670776
    ],
    [
     0.3426666557788849,
     1.7369166612625122
    ],
    [
     0.3389166593551636,
     1.6697499752044678
    ],
    [
     0.3373333215713501,
     1.597000002861023
    ],
    [
     0.3348333239555359,
     1.525416612625122
    ],
    [
     0.33008334040641785,
     1.4396666288375854
    ],
    [
     0.32608333230018616,
     1.349916696548462
    ],
    [
     0.31949999928474426,
     1.2458332777023315
    ],
    [
     0.3033333420753479,
     1.097916603088379
    ]
   ]
  },
  "recon": {
   "tau": 4.2336273193359375,
   "tau_ok": false,
   "acc": 0.6764166355133057,
   "steps": 5.426666736602783,
   "shuf_g": 0.6788000106811524,
   "shuf_b": 0.6797333359718323,
   "corr_ans": -0.17421790957450867,
   "decomposition": {
    "early_right": 0.04324999824166298,
    "premature": 0.05108333379030228,
    "wrong_anyway": 0.025833332911133766,
    "full_depth": 0.879833335056901,
    "prem_per_halt": 0.4251040221914008
   },
   "curve": [
    [
     0.6764166355133057,
     5.426666736602783
    ],
    [
     0.6147499680519104,
     4.7811665534973145
    ],
    [
     0.5745833516120911,
     4.344916820526123
    ],
    [
     0.5424166321754456,
     4.005916595458984
    ],
    [
     0.515333354473114,
     3.700833320617676
    ],
    [
     0.48624998331069946,
     3.40625
    ],
    [
     0.46324998140335083,
     3.148416519165039
    ],
    [
     0.44216665625572205,
     2.9444165229797363
    ],
    [
     0.42524999380111694,
     2.739000082015991
    ],
    [
     0.41358333826065063,
     2.5743331909179688
    ],
    [
     0.4013333320617676,
     2.414083242416382
    ],
    [
     0.3892500102519989,
     2.2695000171661377
    ],
    [
     0.3778333365917206,
     2.121999979019165
    ],
    [
     0.3658333420753479,
     1.9863333702087402
    ],
    [
     0.3564999997615814,
     1.8492499589920044
    ],
    [
     0.34974998235702515,
     1.722583293914795
    ],
    [
     0.34066665172576904,
     1.5983333587646484
    ],
    [
     0.3335833251476288,
     1.4774999618530273
    ],
    [
     0.3256666660308838,
     1.344333291053772
    ],
    [
     0.31599998474121094,
     1.2330833673477173
    ],
    [
     0.3057499825954437,
     1.1384999752044678
    ],
    [
     0.296750009059906,
     1.0388333797454834
    ],
    [
     0.2927500009536743,
     1.0083333253860474
    ],
    [
     0.29116666316986084,
     1.0
    ],
    [
     0.29116666316986084,
     1.0
    ]
   ]
  },
  "rnorm": {
   "tau": -186.96414184570312,
   "tau_ok": false,
   "acc": 0.687833309173584,
   "steps": 5.548083305358887,
   "shuf_g": 0.6898499965667725,
   "shuf_b": 0.6905499935150147,
   "corr_ans": -0.06796220690011978,
   "decomposition": {
    "early_right": 0.04458333179354668,
    "premature": 0.03949999809265137,
    "wrong_anyway": 0.019333332777023315,
    "full_depth": 0.8965833373367786,
    "prem_per_halt": 0.3819500402900886
   },
   "curve": [
    [
     0.687833309173584,
     5.548083305358887
    ],
    [
     0.6328333020210266,
     4.953083515167236
    ],
    [
     0.5890833139419556,
     4.506249904632568
    ],
    [
     0.5569166541099548,
     4.15191650390625
    ],
    [
     0.5349166393280029,
     3.8832499980926514
    ],
    [
     0.5134999752044678,
     3.616499900817871
    ],
    [
     0.4933333396911621,
     3.3842499256134033
    ],
    [
     0.47599998116493225,
     3.157583236694336
    ],
    [
     0.4584166705608368,
     2.9493331909179688
    ],
    [
     0.4415000081062317,
     2.752333402633667
    ],
    [
     0.43033331632614136,
     2.5846667289733887
    ],
    [
     0.4166666567325592,
     2.404416561126709
    ],
    [
     0.40058332681655884,
     2.1952500343322754
    ],
    [
     0.3814166486263275,
     1.9576666355133057
    ],
    [
     0.36383333802223206,
     1.7112499475479126
    ],
    [
     0.3463333249092102,
     1.4643332958221436
    ],
    [
     0.32891666889190674,
     1.3029999732971191
    ],
    [
     0.3176666498184204,
     1.2095832824707031
    ],
    [
     0.30691665410995483,
     1.128499984741211
    ],
    [
     0.2980000078678131,
     1.0704166889190674
    ],
    [
     0.2932499945163727,
     1.0450832843780518
    ],
    [
     0.29108333587646484,
     1.0258333683013916
    ],
    [
     0.29116666316986084,
     1.0184999704360962
    ],
    [
     0.29116666316986084,
     1.0086666345596313
    ],
    [
     0.29116666316986084,
     1.000666618347168
    ]
   ]
  },
  "dstate": {
   "tau": 27.090065002441406,
   "tau_ok": true,
   "acc": 0.7195833325386047,
   "steps": 5.322916507720947,
   "shuf_g": 0.700516676902771,
   "shuf_b": 0.6995499849319458,
   "corr_ans": 0.02843104675412178,
   "decomposition": {
    "early_right": 0.1886666715145111,
    "premature": 0.01341666653752327,
    "wrong_anyway": 0.09075000137090683,
    "full_depth": 0.7071666605770588,
    "prem_per_halt": 0.045816733067729085
   },