{
 "task": "reachp2",
 "seed": 1,
 "d": 256,
 "nohalt_acc": 0.7208333015441895,
 "fixed_frontier": [
  0.2940833270549774,
  0.48524999618530273,
  0.6056666374206543,
  0.7068333029747009,
  0.715583324432373,
  0.7208333015441895
 ],
 "arms": {
  "ent": {
   "tau": 0.00014757872850168496,
   "tau_ok": false,
   "acc": 0.6639166474342346,
   "steps": 5.400000095367432,
   "shuf_g": 0.6711666584014893,
   "shuf_b": 0.6720333218574523,
   "corr_ans": -0.4567722678184509,
   "decomposition": {
    "early_right": 0.03433333337306976,
    "premature": 0.05925000086426735,
    "wrong_anyway": 0.029749998822808266,
    "full_depth": 0.8766666669398546,
    "prem_per_halt": 0.4804054054054054
   },
   "curve": [
    [
     0.6639166474342346,
     5.400000095367432
    ],
    [
     0.5590000152587891,
     4.350416660308838
    ],
    [
     0.476583331823349,
     3.572333335876465
    ],
    [
     0.4326666593551636,
     3.0800833702087402
    ],
    [
     0.40974998474121094,
     2.740833282470703
    ],
    [
     0.40041667222976685,
     2.5113332271575928
    ],
    [
     0.3935833275318146,
     2.4225833415985107
    ],
    [
     0.38850000500679016,
     2.3727500438690186
    ],
    [
     0.38333332538604736,
     2.3147499561309814
    ],
    [
     0.37724998593330383,
     2.257999897003174
    ],
    [
     0.3714166581630707,
     2.1949167251586914
    ],
    [
     0.3642500042915344,
     2.117166757583618
    ],
    [
     0.3580000102519989,
     2.041916608810425
    ],
    [
     0.35341665148735046,
     1.9668333530426025
    ],
    [
     0.3504166603088379,
     1.9156666994094849
    ],
    [
     0.34833332896232605,
     1.8604166507720947
    ],
    [
     0.3450833261013031,
     1.7999166250228882
    ],
    [
     0.3421666622161865,
     1.7348333597183228
    ],
    [
     0.3399166762828827,
     1.6647499799728394
    ],
    [
     0.3387500047683716,
     1.590583324432373
    ],
    [
     0.335833340883255,
     1.5169999599456787
    ],
    [
     0.3324166536331177,
     1.437166690826416
    ],
    [
     0.32850000262260437,
     1.337083339691162
    ],
    [
     0.32108333706855774,
     1.2304999828338623
    ],
    [
     0.30941665172576904,
     1.1024999618530273
    ]
   ]
  },
  "recon": {
   "tau": 4.086012840270996,
   "tau_ok": false,
   "acc": 0.6694166660308838,
   "steps": 5.426666736602783,
   "shuf_g": 0.6742166757583619,
   "shuf_b": 0.6741666793823242,
   "corr_ans": -0.18635909259319305,
   "decomposition": {
    "early_right": 0.04141666740179062,
    "premature": 0.05299999937415123,
    "wrong_anyway": 0.025499999523162842,
    "full_depth": 0.8800833337008953,
    "prem_per_halt": 0.4419735927727589
   },
   "curve": [
    [
     0.6694166660308838,
     5.426666736602783
    ],
    [
     0.6176666617393494,
     4.801000118255615
    ],
    [
     0.578000009059906,
     4.3770833015441895
    ],
    [
     0.5405833125114441,
     3.984666585922241
    ],
    [
     0.5064166784286499,
     3.612833261489868
    ],
    [
     0.4779999852180481,
     3.3241665363311768
    ],
    [
     0.4582499861717224,
     3.0794167518615723
    ],
    [
     0.4423333406448364,
     2.8934166431427
    ],
    [
     0.42658331990242004,
     2.6969165802001953
    ],
    [
     0.41441667079925537,
     2.536249876022339
    ],
    [
     0.40424999594688416,
     2.3860833644866943
    ],
    [
     0.3935000002384186,
     2.246000051498413
    ],
    [
     0.38449999690055847,
     2.104916572570801
    ],
    [
     0.37558332085609436,
     1.972249984741211
    ],
    [
     0.36641666293144226,
     1.840166687965393
    ],
    [
     0.359499990940094,
     1.7296665906906128
    ],
    [
     0.35241666436195374,
     1.622416615486145
    ],
    [
     0.34591665863990784,
     1.5082499980926514
    ],
    [
     0.33799999952316284,
     1.3767499923706055
    ],
    [
     0.32641667127609253,
     1.2520833015441895
    ],
    [
     0.3160833418369293,
     1.1492500305175781
    ],
    [
     0.30008333921432495,
     1.0300832986831665
    ],
    [
     0.2942500114440918,
     1.000666618347168
    ],
    [
     0.2940833270549774,
     1.0
    ],
    [
     0.2940833270549774,
     1.0
    ]
   ]
  },
  "rnorm": {
   "tau": -199.94224548339844,
   "tau_ok": false,
   "acc": 0.6852499842643738,
   "steps": 5.580416679382324,
   "shuf_g": 0.6898333311080933,
   "shuf_b": 0.6890333294868469,
   "corr_ans": -0.09675814211368561,
   "decomposition": {
    "early_right": 0.03958333283662796,
    "premature": 0.036916665732860565,
    "wrong_anyway": 0.01808333396911621,
    "full_depth": 0.9054166674613953,
    "prem_per_halt": 0.3903083700440529
   },
   "curve": [
    [
     0.6852499842643738,
     5.580416679382324
    ],
    [
     0.628083348274231,
     4.946000099182129
    ],
    [
     0.5892499685287476,
     4.50124979019165
    ],
    [
     0.5504999756813049,
     4.078833103179932
    ],
    [
     0.5180833339691162,
     3.7326667308807373
    ],
    [
     0.4950000047683716,
     3.464750051498413
    ],
    [
     0.4775833189487457,
     3.2455832958221436
    ],
    [
     0.4634999930858612,
     3.041083335876465
    ],
    [
     0.4493333399295807,
     2.8521666526794434
    ],
    [
     0.4352499842643738,
     2.6636667251586914
    ],
    [
     0.42208331823349,
     2.471750020980835
    ],
    [
     0.40841665863990784,
     2.2630832195281982
    ],
    [
     0.3955833315849304,
     2.0263333320617676
    ],
    [
     0.382916659116745,
     1.7803332805633545
    ],
    [
     0.3688333332538605,
     1.5743333101272583
    ],
    [
     0.3543333411216736,
     1.4171667098999023
    ],
    [
     0.3384166657924652,
     1.3023333549499512
    ],
    [
     0.320250004529953,
     1.191666603088379
    ],
    [
     0.3075000047683716,
     1.11858332157135
    ],
    [
     0.3011666536331177,
     1.0729999542236328
    ],
    [
     0.296916663646698,
     1.0455000400543213
    ],
    [
     0.29383331537246704,
     1.0245000123977661
    ],
    [
     0.2940833270549774,
     1.0140832662582397
    ],
    [
     0.2940833270549774,
     1.0045000314712524
    ],
    [
     0.2940833270549774,
     1.0022499561309814
    ]
   ]
  },
  "dstate": {
   "tau": 42.51534652709961,
   "tau_ok": true,
   "acc": 0.7055000066757202,
   "steps": 4.861416816711426,
   "shuf_g": 0.6789499998092652,
   "shuf_b": 0.678849995136261,
   "corr_ans": 0.055819351226091385,
   "decomposition": {
    "early_right": 0.3138333261013031,
    "premature": 0.030916666612029076,
    "wrong_anyway": 0.1497499942779541,
    "full_depth": 0.5055000130087137,
    "prem_per_halt": 0.06252106504887091
   },