{
 "task": "reachp2",
 "seed": 3,
 "d": 256,
 "nohalt_acc": 0.7081666588783264,
 "fixed_frontier": [
  0.2865833342075348,
  0.4664999842643738,
  0.593916654586792,
  0.6928333044052124,
  0.703166663646698,
  0.7081666588783264
 ],
 "arms": {
  "ent": {
   "tau": 0.00016722659347578883,
   "tau_ok": false,
   "acc": 0.6505833268165588,
   "steps": 5.406916618347168,
   "shuf_g": 0.6609166622161865,
   "shuf_b": 0.659416675567627,
   "corr_ans": -0.4603954255580902,
   "decomposition": {
    "early_right": 0.03283333405852318,
    "premature": 0.06024999916553497,
    "wrong_anyway": 0.029249999672174454,
    "full_depth": 0.8776666671037674,
    "prem_per_halt": 0.4925068119891008
   },
   "curve": [
    [
     0.6505833268165588,
     5.406916618347168
    ],
    [
     0.547249972820282,
     4.384250164031982
    ],
    [
     0.4671666622161865,
     3.6023333072662354
    ],
    [
     0.42149999737739563,
     3.1335833072662354
    ],
    [
     0.39800000190734863,
     2.808000087738037
    ],
    [
     0.3851666748523712,
     2.5620832443237305
    ],
    [
     0.37941667437553406,
     2.467083215713501
    ],
    [
     0.375083327293396,
     2.413416624069214
    ],
    [
     0.3709999918937683,
     2.371000051498413
    ],
    [
     0.367249995470047,
     2.328749895095825
    ],
    [
     0.36258333921432495,
     2.275583267211914
    ],
    [
     0.35608333349227905,
     2.191999912261963
    ],
    [
     0.34833332896232605,
     2.093416690826416
    ],
    [
     0.3435833156108856,
     2.0241665840148926
    ],
    [
     0.34066665172576904,
     1.9537500143051147
    ],
    [
     0.3383333384990692,
     1.8939166069030762
    ],
    [
     0.33641666173934937,
     1.8311666250228882
    ],
    [
     0.3344999849796295,
     1.7656666040420532
    ],
    [
     0.3323333263397217,
     1.6945832967758179
    ],
    [
     0.3297500014305115,
     1.6169166564941406
    ],
    [
     0.32716667652130127,
     1.5384166240692139
    ],
    [
     0.3231666684150696,
     1.434666633605957
    ],
    [
     0.3179166615009308,
     1.3335833549499512
    ],
    [
     0.3123333156108856,
     1.2374166250228882
    ],
    [
     0.29908332228660583,
     1.1024166345596313
    ]
   ]
  },
  "recon": {
   "tau": 3.791465997695923,
   "tau_ok": false,
   "acc": 0.6604999899864197,
   "steps": 5.464666843414307,
   "shuf_g": 0.6648999929428101,
   "shuf_b": 0.6673166513442993,
   "corr_ans": -0.17438867688179016,
   "decomposition": {
    "early_right": 0.03708333149552345,
    "premature": 0.05025000125169754,
    "wrong_anyway": 0.02449999935925007,
    "full_depth": 0.8881666678935289,
    "prem_per_halt": 0.4493293591654247
   },
   "curve": [
    [
     0.6604999899864197,
     5.464666843414307
    ],
    [
     0.6016666889190674,
     4.798083305358887
    ],
    [
     0.5654166340827942,
     4.378666400909424
    ],
    [
     0.5304999947547913,
     4.020999908447266
    ],
    [
     0.49966666102409363,
     3.6867499351501465
    ],
    [
     0.4777500033378601,
     3.439833402633667
    ],
    [
     0.46016666293144226,
     3.229083299636841
    ],
    [
     0.4416666626930237,
     3.009666681289673
    ],
    [
     0.4248333275318146,
     2.824666738510132
    ],
    [
     0.41099998354911804,
     2.640333414077759
    ],
    [
     0.3994999825954437,
     2.491666555404663
    ],
    [
     0.38999998569488525,
     2.3441667556762695
    ],
    [
     0.3777500092983246,
     2.191333293914795
    ],
    [
     0.3669999837875366,
     2.042083263397217
    ],
    [
     0.35600000619888306,
     1.8952499628067017
    ],
    [
     0.34841665625572205,
     1.7766666412353516
    ],
    [
     0.3400000035762787,
     1.659749984741211
    ],
    [
     0.3319166600704193,
     1.5295000076293945
    ],
    [
     0.3256666660308838,
     1.374916672706604
    ],
    [
     0.3085833191871643,
     1.1974999904632568
    ],
    [
     0.29591667652130127,
     1.0737500190734863
    ],
    [
     0.2875833213329315,
     1.0079166889190674
    ],
    [
     0.2865833342075348,
     1.000166654586792
    ],
    [
     0.2865833342075348,
     1.0
    ],
    [
     0.2865833342075348,
     1.0
    ]
   ]
  },
  "rnorm": {
   "tau": -199.486572265625,
   "tau_ok": false,
   "acc": 0.6714999675750732,
   "steps": 5.573416709899902,
   "shuf_g": 0.6764833211898804,
   "shuf_b": 0.6773499846458435,
   "corr_ans": -0.07549925893545151,
   "decomposition": {
    "early_right": 0.041083332151174545,
    "premature": 0.038333334028720856,
    "wrong_anyway": 0.01733333244919777,
    "full_depth": 0.9032500013709068,
    "prem_per_halt": 0.3962101636520241
   },
   "curve": [
    [
     0.6714999675750732,
     5.573416709899902
    ],
    [
     0.6173333525657654,
     4.983250141143799
    ],
    [
     0.5793333053588867,
     4.553166389465332
    ],
    [
     0.5460833311080933,
     4.168749809265137
    ],
    [
     0.5180833339691162,
     3.8572499752044678
    ],
    [
     0.49416667222976685,
     3.5824999809265137
    ],
    [
     0.4778333306312561,
     3.366833209991455
    ],
    [
     0.46533334255218506,
     3.177333354949951
    ],
    [
     0.4505833387374878,
     2.974416732788086
    ],
    [
     0.437666654586792,
     2.792249917984009
    ],
    [
     0.4230833351612091,
     2.600083351135254
    ],
    [
     0.41083332896232605,
     2.4089999198913574
    ],
    [
     0.3960833251476288,
     2.1790833473205566
    ],
    [
     0.37941667437553406,
     1.9268332719802856
    ],
    [
     0.3658333420753479,
     1.6886667013168335
    ],
    [
     0.3505833148956299,
     1.5071666240692139
    ],
    [
     0.33500000834465027,
     1.3695000410079956
    ],
    [
     0.31991666555404663,
     1.2568333148956299
    ],
    [
     0.3099166750907898,
     1.18108332157135
    ],
    [
     0.29591667652130127,
     1.1004999876022339
    ],
    [
     0.28991666436195374,
     1.0572500228881836
    ],
    [
     0.2865833342075348,
     1.028916597366333
    ],
    [
     0.2865833342075348,
     1.0223332643508911
    ],
    [
     0.2865833342075348,
     1.0112500190734863
    ],
    [
     0.2865833342075348,
     1.000583291053772
    ]
   ]
  },
  "dstate": {
   "tau": 45.31853485107422,
   "tau_ok": true,
   "acc": 0.7010833024978638,
   "steps": 5.040750026702881,
   "shuf_g": 0.6732500076293946,
   "shuf_b": 0.6729166626930236,
   "corr_ans": 0.03729681670665741,
   "decomposition": {
    "early_right": 0.29591667652130127,
    "premature": 0.01733333244919777,
    "wrong_anyway": 0.12866666913032532,
    "full_depth": 0.5580833218991756,
    "prem_per_halt": 0.03922308127475014
   },