{
 "task": "reachp2",
 "seed": 2,
 "d": 256,
 "nohalt_acc": 0.7166666388511658,
 "fixed_frontier": [
  0.28299999237060547,
  0.4714166522026062,
  0.5999166369438171,
  0.6982499957084656,
  0.7127500176429749,
  0.7166666388511658
 ],
 "arms": {
  "ent": {
   "tau": 0.0001383413909934461,
   "tau_ok": false,
   "acc": 0.6600833535194397,
   "steps": 5.3998332023620605,
   "shuf_g": 0.6666833281517028,
   "shuf_b": 0.666266655921936,
   "corr_ans": -0.45679137110710144,
   "decomposition": {
    "early_right": 0.03583333268761635,
    "premature": 0.0585833340883255,
    "wrong_anyway": 0.030833333730697632,
    "full_depth": 0.8747499994933605,
    "prem_per_halt": 0.46773120425815035
   },
   "curve": [
    [
     0.6600833535194397,
     5.3998332023620605
    ],
    [
     0.5502499938011169,
     4.358999729156494
    ],
    [
     0.4735833406448364,
     3.634333372116089
    ],
    [
     0.4294166564941406,
     3.156916618347168
    ],
    [
     0.4085833430290222,
     2.7969167232513428
    ],
    [
     0.3981666564941406,
     2.557666540145874
    ],
    [
     0.39149999618530273,
     2.466083288192749
    ],
    [
     0.3869999945163727,
     2.4201667308807373
    ],
    [
     0.38216665387153625,
     2.3734166622161865
    ],
    [
     0.37833333015441895,
     2.3296666145324707
    ],
    [
     0.3739166557788849,
     2.283083200454712
    ],
    [
     0.36758333444595337,
     2.21358323097229
    ],
    [
     0.35975000262260437,
     2.1330833435058594
    ],
    [
     0.351416677236557,
     2.036416530609131
    ],
    [
     0.3475833237171173,
     1.9606666564941406
    ],
    [
     0.34599998593330383,
     1.903749942779541
    ],
    [
     0.3435833156108856,
     1.840833306312561
    ],
    [
     0.34166666865348816,
     1.77524995803833
    ],
    [
     0.33941665291786194,
     1.7035000324249268
    ],
    [
     0.33683332800865173,
     1.6298333406448364
    ],
    [
     0.3334999978542328,
     1.5404999256134033
    ],
    [
     0.3295833170413971,
     1.4537500143051147
    ],
    [
     0.32600000500679016,
     1.3580000400543213
    ],
    [
     0.31558331847190857,
     1.2376666069030762
    ],
    [
     0.29783332347869873,
     1.094666600227356
    ]
   ]
  },
  "recon": {
   "tau": 3.4543802738189697,
   "tau_ok": false,
   "acc": 0.6732500195503235,
   "steps": 5.488833427429199,
   "shuf_g": 0.6732333302497864,
   "shuf_b": 0.6730999946594238,
   "corr_ans": -0.20725519955158234,
   "decomposition": {
    "early_right": 0.03749999776482582,
    "premature": 0.0455833338201046,
    "wrong_anyway": 0.022833332419395447,
    "full_depth": 0.8940833359956741,
    "prem_per_halt": 0.4303697875688434
   },
   "curve": [
    [
     0.6732500195503235,
     5.488833427429199
    ],
    [
     0.6084166765213013,
     4.791249752044678
    ],
    [
     0.5719999670982361,
     4.367916584014893
    ],
    [
     0.5373333096504211,
     4.00600004196167
    ],
    [
     0.5044999718666077,
     3.668583393096924
    ],
    [
     0.47716665267944336,
     3.385333299636841
    ],
    [
     0.45749998092651367,
     3.1384165287017822
    ],
    [
     0.44099998474121094,
     2.9246666431427
    ],
    [
     0.4260833263397217,
     2.735333204269409
    ],
    [
     0.4130833148956299,
     2.565333366394043
    ],
    [
     0.4020833373069763,
     2.402916669845581
    ],
    [
     0.39283332228660583,
     2.2676665782928467
    ],
    [
     0.3841666579246521,
     2.1374166011810303
    ],
    [
     0.37433332204818726,
     2.0089166164398193
    ],
    [
     0.36550000309944153,
     1.8869999647140503
    ],
    [
     0.3579166531562805,
     1.778083324432373
    ],
    [
     0.3475833237171173,
     1.6718332767486572
    ],
    [
     0.3399166762828827,
     1.5672500133514404
    ],
    [
     0.3317500054836273,
     1.46875
    ],
    [
     0.3245833218097687,
     1.3736666440963745
    ],
    [
     0.3166666626930237,
     1.2681666612625122
    ],
    [
     0.3050000071525574,
     1.156166672706604
    ],
    [
     0.2901666760444641,
     1.0490833520889282
    ],
    [
     0.28299999237060547,
     1.0
    ],
    [
     0.28299999237060547,
     1.0
    ]
   ]
  },
  "rnorm": {
   "tau": -195.4044952392578,
   "tau_ok": false,
   "acc": 0.6823333501815796,
   "steps": 5.594416618347168,
   "shuf_g": 0.6865333318710327,
   "shuf_b": 0.6856833219528198,
   "corr_ans": -0.10234872251749039,
   "decomposition": {
    "early_right": 0.03725000098347664,
    "premature": 0.03633333370089531,
    "wrong_anyway": 0.0169166661798954,
    "full_depth": 0.9094999991357327,
    "prem_per_halt": 0.4014732965009208
   },
   "curve": [
    [
     0.6823333501815796,
     5.594416618347168
    ],
    [
     0.6246666312217712,
     4.98366641998291
    ],
    [
     0.5861666798591614,
     4.538833141326904
    ],
    [
     0.549916684627533,
     4.151416778564453
    ],
    [
     0.5216666460037231,
     3.8255832195281982
    ],
    [
     0.4977499842643738,
     3.5597500801086426
    ],
    [
     0.48116666078567505,
     3.3579165935516357
    ],
    [
     0.4659166634082794,
     3.1473333835601807
    ],
    [
     0.45216667652130127,
     2.9352500438690186
    ],
    [
     0.4391666650772095,
     2.751499891281128
    ],
    [
     0.42649999260902405,
     2.5291666984558105
    ],
    [
     0.4101666510105133,
     2.2695000171661377
    ],
    [
     0.38850000500679016,
     1.999666690826416
    ],
    [
     0.37041667103767395,
     1.722416639328003
    ],
    [
     0.3559166491031647,
     1.5150833129882812
    ],
    [
     0.3396666646003723,
     1.3675832748413086
    ],
    [
     0.3244999945163727,
     1.2685832977294922
    ],
    [
     0.30799999833106995,
     1.1736665964126587
    ],
    [
     0.2955833375453949,
     1.1030833721160889
    ],
    [
     0.28466665744781494,
     1.0414166450500488
    ],
    [
     0.28299999237060547,
     1.025333285331726
    ],
    [
     0.28299999237060547,
     1.0176666975021362
    ],
    [
     0.28299999237060547,
     1.0097500085830688
    ],
    [
     0.28299999237060547,
     1.0044167041778564
    ],
    [
     0.28299999237060547,
     1.0
    ]
   ]
  },
  "dstate": {
   "tau": 37.3284797668457,
   "tau_ok": true,
   "acc": 0.7055000066757202,
   "steps": 5.09108304977417,
   "shuf_g": 0.6825833320617676,
   "shuf_b": 0.6848000049591064,
   "corr_ans": 0.060303695499897,
   "decomposition": {
    "early_right": 0.2629166543483734,
    "premature": 0.021250000223517418,
    "wrong_anyway": 0.12474999576807022,
    "full_depth": 0.591083349660039,
    "prem_per_halt": 0.05196657835744854
   },