{
 "task": "reachp2",
 "seed": 4,
 "d": 256,
 "nohalt_acc": 0.715666651725769,
 "fixed_frontier": [
  0.2836666703224182,
  0.468916654586792,
  0.5974166393280029,
  0.7021666765213013,
  0.7120000123977661,
  0.715666651725769
 ],
 "arms": {
  "ent": {
   "tau": 0.0001332961255684495,
   "tau_ok": false,
   "acc": 0.6598333120346069,
   "steps": 5.44516658782959,
   "shuf_g": 0.668999993801117,
   "shuf_b": 0.6688499808311462,
   "corr_ans": -0.4470263123512268,
   "decomposition": {
    "early_right": 0.03099999949336052,
    "premature": 0.0585833340883255,
    "wrong_anyway": 0.024916665628552437,
    "full_depth": 0.8855000007897615,
    "prem_per_halt": 0.5116448326055313
   },
   "curve": [
    [
     0.6598333120346069,
     5.44516658782959
    ],
    [
     0.550166666507721,
     4.3667497634887695
    ],
    [
     0.47058331966400146,
     3.5619165897369385
    ],
    [
     0.4268333315849304,
     3.066666603088379
    ],
    [
     0.4049166738986969,
     2.7389166355133057
    ],
    [
     0.39283332228660583,
     2.5500833988189697
    ],
    [
     0.3870833218097687,
     2.4703333377838135
    ],
    [
     0.382750004529953,
     2.4188332557678223
    ],
    [
     0.3776666522026062,
     2.373333215713501
    ],
    [
     0.37283334136009216,
     2.3261666297912598
    ],
    [
     0.367083340883255,
     2.2684166431427
    ],
    [
     0.3596666753292084,
     2.181166648864746
    ],
    [
     0.3528333306312561,
     2.094249963760376
    ],
    [
     0.34816667437553406,
     2.020916700363159
    ],
    [
     0.34474998712539673,
     1.9612499475479126
    ],
    [
     0.34325000643730164,
     1.9115833044052124
    ],
    [
     0.3412500023841858,
     1.8450833559036255
    ],
    [
     0.3385833203792572,
     1.7730833292007446
    ],
    [
     0.33666667342185974,
     1.6963332891464233
    ],
    [
     0.3344999849796295,
     1.6097500324249268
    ],
    [
     0.33149999380111694,
     1.5210833549499512
    ],
    [
     0.32758334279060364,
     1.435166597366333
    ],
    [
     0.3226666748523712,
     1.3429999351501465
    ],
    [
     0.3150833249092102,
     1.2334166765213013
    ],
    [
     0.2984166741371155,
     1.1017500162124634
    ]
   ]
  },
  "recon": {
   "tau": 3.9915802478790283,
   "tau_ok": false,
   "acc": 0.6705833077430725,
   "steps": 5.4679999351501465,
   "shuf_g": 0.673283326625824,
   "shuf_b": 0.6714999914169312,
   "corr_ans": -0.16735784709453583,
   "decomposition": {
    "early_right": 0.03933333232998848,
    "premature": 0.04833333194255829,
    "wrong_anyway": 0.023250000551342964,
    "full_depth": 0.8890833351761103,
    "prem_per_halt": 0.4357625845229151
   },
   "curve": [
    [
     0.6705833077430725,
     5.4679999351501465
    ],
    [
     0.6175000071525574,
     4.879499912261963
    ],
    [
     0.5739166736602783,
     4.416500091552734
    ],
    [
     0.5379999876022339,
     4.039999961853027
    ],
    [
     0.5062500238418579,
     3.700166702270508
    ],
    [
     0.47858333587646484,
     3.405916690826416
    ],
    [
     0.45399999618530273,
     3.154916524887085
    ],
    [
     0.4337500035762787,
     2.927166700363159
    ],
    [
     0.41583332419395447,
     2.7484166622161865
    ],
    [
     0.40625,
     2.592750072479248
    ],
    [
     0.39524999260902405,
     2.433500051498413
    ],
    [
     0.38616666197776794,
     2.287750005722046
    ],
    [
     0.3766666650772095,
     2.1451666355133057
    ],
    [
     0.36758333444595337,
     2.0097498893737793
    ],
    [
     0.3556666672229767,
     1.8702499866485596
    ],
    [
     0.34941667318344116,
     1.7376666069030762
    ],
    [
     0.33808332681655884,
     1.5405833721160889
    ],
    [
     0.3189166486263275,
     1.346916675567627
    ],
    [
     0.30391666293144226,
     1.184749960899353
    ],
    [
     0.2875833213329315,
     1.0356667041778564
    ],
    [
     0.2836666703224182,
     1.0
    ],
    [
     0.2836666703224182,
     1.0
    ],
    [
     0.2836666703224182,
     1.0
    ],
    [
     0.2836666703224182,
     1.0
    ],
    [
     0.2836666703224182,
     1.0
    ]
   ]
  },
  "rnorm": {
   "tau": -195.2128448486328,
   "tau_ok": false,
   "acc": 0.6798333525657654,
   "steps": 5.566916465759277,
   "shuf_g": 0.6827666401863098,
   "shuf_b": 0.6829833269119263,
   "corr_ans": -0.08697308599948883,
   "decomposition": {
    "early_right": 0.04191666468977928,
    "premature": 0.038583334535360336,
    "wrong_anyway": 0.017666665837168694,
    "full_depth": 0.9018333349376917,
    "prem_per_halt": 0.3930390492359932
   },
   "curve": [
    [
     0.6798333525657654,
     5.566916465759277
    ],
    [
     0.6311666369438171,
     5.019916534423828
    ],
    [
     0.5888333320617676,
     4.578333377838135
    ],
    [
     0.5509166717529297,
     4.179999828338623
    ],
    [
     0.5241666436195374,
     3.8750832080841064
    ],
    [
     0.5011666417121887,
     3.589249849319458
    ],
    [
     0.4820833206176758,
     3.366499900817871
    ],
    [
     0.4649166762828827,
     3.146083354949951
    ],
    [
     0.44591665267944336,
     2.9235000610351562
    ],
    [
     0.43024998903274536,
     2.7249999046325684
    ],
    [
     0.4178333282470703,
     2.5490000247955322
    ],
    [
     0.40533334016799927,
     2.3644165992736816
    ],
    [
     0.39083331823349,
     2.155250072479248
    ],
    [
     0.36808332800865173,
     1.847249984741211
    ],
    [
     0.3504166603088379,
     1.5857499837875366
    ],
    [
     0.3344999849796295,
     1.400083303451538
    ],
    [
     0.31975001096725464,
     1.2702499628067017
    ],
    [
     0.3059166669845581,
     1.1740000247955322
    ],
    [
     0.2944166660308838,
     1.0983333587646484
    ],
    [
     0.28850001096725464,
     1.059083342552185
    ],
    [
     0.2839166522026062,
     1.0334999561309814
    ],
    [
     0.2835833430290222,
     1.0231666564941406
    ],
    [
     0.2836666703224182,
     1.0157499313354492
    ],
    [
     0.2836666703224182,
     1.0089999437332153
    ],
    [
     0.2836666703224182,
     1.0022499561309814
    ]
   ]
  },
  "dstate": {
   "tau": 36.635902404785156,
   "tau_ok": true,
   "acc": 0.7085833549499512,
   "steps": 5.081416606903076,
   "shuf_g": 0.6834499835968018,
   "shuf_b": 0.6830999851226807,
   "corr_ans": 0.052711568772792816,
   "decomposition": {
    "early_right": 0.28349998593330383,
    "premature": 0.0182499997317791,
    "wrong_anyway": 0.11741666495800018,
    "full_depth": 0.5808333493769169,
    "prem_per_halt": 0.04353876739562624
   },