{
 "task": "reachp2",
 "seed": 0,
 "d": 256,
 "nohalt_acc": 0.7243333458900452,
 "fixed_frontier": [
  0.29124999046325684,
  0.47833332419395447,
  0.6014999747276306,
  0.7022500038146973,
  0.7223333120346069,
  0.7243333458900452
 ],
 "arms": {
  "ent": {
   "tau": 0.00015394522051792592,
   "tau_ok": false,
   "acc": 0.6651666760444641,
   "steps": 5.41616678237915,
   "shuf_g": 0.6743333339691162,
   "shuf_b": 0.6741499900817871,
   "corr_ans": -0.44934505224227905,
   "decomposition": {
    "early_right": 0.03216666728258133,
    "premature": 0.061916664242744446,
    "wrong_anyway": 0.026499999687075615,
    "full_depth": 0.8794166687875986,
    "prem_per_halt": 0.5134761575673807
   },
   "curve": [
    [
     0.6651666760444641,
     5.41616678237915
    ],
    [
     0.5668333172798157,
     4.42158317565918
    ],
    [
     0.49316665530204773,
     3.6884167194366455
    ],
    [
     0.43808332085609436,
     3.1287498474121094
    ],
    [
     0.4113333225250244,
     2.7442500591278076
    ],
    [
     0.3995833396911621,
     2.5438332557678223
    ],
    [
     0.3919166624546051,
     2.43833327293396
    ],
    [
     0.38633331656455994,
     2.3785831928253174
    ],
    [
     0.38083332777023315,
     2.3321666717529297
    ],
    [
     0.37700000405311584,
     2.2885000705718994
    ],
    [
     0.3725833296775818,
     2.240833282470703
    ],
    [
     0.36500000953674316,
     2.1644999980926514
    ],
    [
     0.3567499816417694,
     2.072166681289673
    ],
    [
     0.3504999876022339,
     1.9849166870117188
    ],
    [
     0.3477500081062317,
     1.9226666688919067
    ],
    [
     0.3467499911785126,
     1.8706666231155396
    ],
    [
     0.34433332085609436,
     1.8118332624435425
    ],
    [
     0.3423333168029785,
     1.753000020980835
    ],
    [
     0.3396666646003723,
     1.6821666955947876
    ],
    [
     0.33658331632614136,
     1.6066666841506958
    ],
    [
     0.3348333239555359,
     1.532249927520752
    ],
    [
     0.3331666588783264,
     1.4476666450500488
    ],
    [
     0.32741665840148926,
     1.3577499389648438
    ],
    [
     0.31958332657814026,
     1.247416615486145
    ],
    [
     0.304583340883255,
     1.1027499437332153
    ]
   ]
  },
  "recon": {
   "tau": 3.808922290802002,
   "tau_ok": false,
   "acc": 0.6766666769981384,
   "steps": 5.460916519165039,
   "shuf_g": 0.6809666633605957,
   "shuf_b": 0.6806333303451538,
   "corr_ans": -0.17345157265663147,
   "decomposition": {
    "early_right": 0.03974999859929085,
    "premature": 0.049666665494441986,
    "wrong_anyway": 0.023499999195337296,
    "full_depth": 0.8870833367109299,
    "prem_per_halt": 0.4398523985239852
   },
   "curve": [
    [
     0.6766666769981384,
     5.460916519165039
    ],
    [
     0.6179999709129333,
     4.8114166259765625
    ],
    [
     0.5815833210945129,
     4.38433313369751
    ],
    [
     0.547166645526886,
     4.013083457946777
    ],
    [
     0.518916666507721,
     3.7004165649414062
    ],
    [
     0.4933333396911621,
     3.428499937057495
    ],
    [
     0.4704166650772095,
     3.190666675567627
    ],
    [
     0.45108333230018616,
     2.9679999351501465
    ],
    [
     0.4336666762828827,
     2.7594165802001953
    ],
    [
     0.4203333258628845,
     2.587916612625122
    ],
    [
     0.4088333249092102,
     2.416083335876465
    ],
    [
     0.39625000953674316,
     2.269749879837036
    ],
    [
     0.38491666316986084,
     2.1302499771118164
    ],
    [
     0.37575000524520874,
     2.004166603088379
    ],
    [
     0.36658331751823425,
     1.8697500228881836
    ],
    [
     0.35999998450279236,
     1.7490832805633545
    ],
    [
     0.351416677236557,
     1.6396666765213013
    ],
    [
     0.3435833156108856,
     1.5296666622161865
    ],
    [
     0.33558332920074463,
     1.409333348274231
    ],
    [
     0.32608333230018616,
     1.2899999618530273
    ],
    [
     0.31191664934158325,
     1.1690000295639038
    ],
    [
     0.2980833351612091,
     1.0500832796096802
    ],
    [
     0.29366666078567505,
     1.0160833597183228
    ],
    [
     0.2920833230018616,
     1.0054166316986084
    ],
    [
     0.29124999046325684,
     1.0
    ]
   ]
  },
  "rnorm": {
   "tau": -197.57957458496094,
   "tau_ok": false,
   "acc": 0.6921666860580444,
   "steps": 5.6267499923706055,
   "shuf_g": 0.6963666558265686,
   "shuf_b": 0.6959166526794434,
   "corr_ans": -0.07873182743787766,
   "decomposition": {
    "early_right": 0.03708333149552345,
    "premature": 0.03399999812245369,
    "wrong_anyway": 0.014416666701436043,
    "full_depth": 0.9145000036805868,
    "prem_per_halt": 0.39766081871345027
   },
   "curve": [
    [
     0.6921666860580444,
     5.6267499923706055
    ],
    [
     0.6382499933242798,
     5.007833480834961
    ],
    [
     0.5957499742507935,
     4.541916847229004
    ],
    [
     0.559249997138977,
     4.145750045776367
    ],
    [
     0.5292499661445618,
     3.815833330154419
    ],
    [
     0.5060833096504211,
     3.552000045776367
    ],
    [
     0.48741665482521057,
     3.3348333835601807
    ],
    [
     0.46941664814949036,
     3.1239166259765625
    ],
    [
     0.4555833339691162,
     2.9310832023620605
    ],
    [
     0.4438333213329315,
     2.754333257675171
    ],
    [
     0.429583340883255,
     2.5687499046325684
    ],
    [
     0.4179166555404663,
     2.365666627883911
    ],
    [
     0.4022499918937683,
     2.117166757583618
    ],
    [
     0.3867499828338623,
     1.8809165954589844
    ],
    [
     0.3720000088214874,
     1.6717499494552612
    ],
    [
     0.3580000102519989,
     1.5160833597183228
    ],
    [
     0.3401666581630707,
     1.3808332681655884
    ],
    [
     0.32383331656455994,
     1.2522499561309814
    ],
    [
     0.31049999594688416,
     1.1673333644866943
    ],
    [
     0.3019999861717224,
     1.1056666374206543
    ],
    [
     0.2942500114440918,
     1.0536667108535767
    ],
    [
     0.29133331775665283,
     1.0269999504089355
    ],
    [
     0.29116666316986084,
     1.0176666975021362
    ],
    [
     0.29124999046325684,
     1.0082499980926514
    ],
    [
     0.29124999046325684,
     1.0013333559036255
    ]
   ]
  },
  "dstate": {
   "tau": 36.33671569824219,
   "tau_ok": true,
   "acc": 0.7150833010673523,
   "steps": 5.081249713897705,
   "shuf_g": 0.6886666655540467,
   "shuf_b": 0.690499997138977,
   "corr_ans": 0.04083973541855812,
   "decomposition": {
    "early_right": 0.26649999618530273,
    "premature": 0.021166667342185974,
    "wrong_anyway": 0.12941665947437286,
    "full_depth": 0.5829166769981384,
    "prem_per_halt": 0.05074925074925075
   },