{
 "task": "reachp2",
 "seed": 8,
 "d": 256,
 "nohalt_acc": 0.721833348274231,
 "fixed_frontier": [
  0.28816667199134827,
  0.4710833430290222,
  0.6069166660308838,
  0.7037500143051147,
  0.7195833325386047,
  0.721833348274231
 ],
 "arms": {
  "ent": {
   "tau": 0.00012646913819480687,
   "tau_ok": false,
   "acc": 0.6701666712760925,
   "steps": 5.482166767120361,
   "shuf_g": 0.6781999945640564,
   "shuf_b": 0.6773999929428101,
   "corr_ans": -0.4566775858402252,
   "decomposition": {
    "early_right": 0.027833333238959312,
    "premature": 0.05375000089406967,
    "wrong_anyway": 0.025416666641831398,
    "full_depth": 0.8929999992251396,
    "prem_per_halt": 0.5023364485981309
   },
   "curve": [
    [
     0.6701666712760925,
     5.482166767120361
    ],
    [
     0.5604166388511658,
     4.428416728973389
    ],
    [
     0.47699999809265137,
     3.6104166507720947
    ],
    [
     0.4272499978542328,
     3.0702500343322754
    ],
    [
     0.40291666984558105,
     2.695666551589966
    ],
    [
     0.39408332109451294,
     2.5303332805633545
    ],
    [
     0.38741666078567505,
     2.4500832557678223
    ],
    [
     0.38333332538604736,
     2.4066667556762695
    ],
    [
     0.3791666626930237,
     2.359666585922241
    ],
    [
     0.3739166557788849,
     2.3105833530426025
    ],
    [
     0.3700000047683716,
     2.2525832653045654
    ],
    [
     0.36375001072883606,
     2.1736667156219482
    ],
    [
     0.35716667771339417,
     2.0933332443237305
    ],
    [
     0.351416677236557,
     2.0195000171661377
    ],
    [
     0.3474999964237213,
     1.9468332529067993
    ],
    [
     0.34433332085609436,
     1.8899999856948853
    ],
    [
     0.34166666865348816,
     1.8205833435058594
    ],
    [
     0.3409166634082794,
     1.7545833587646484
    ],
    [
     0.3387500047683716,
     1.6805000305175781
    ],
    [
     0.336166650056839,
     1.6071666479110718
    ],
    [
     0.33258333802223206,
     1.5196666717529297
    ],
    [
     0.3264999985694885,
     1.4323333501815796
    ],
    [
     0.3228333294391632,
     1.3450000286102295
    ],
    [
     0.3139166533946991,
     1.2371666431427002
    ],
    [
     0.2997500002384186,
     1.1035833358764648
    ]
   ]
  },
  "recon": {
   "tau": 3.7588841915130615,
   "tau_ok": false,
   "acc": 0.6744999885559082,
   "steps": 5.461916446685791,
   "shuf_g": 0.6763500094413757,
   "shuf_b": 0.6775166630744934,
   "corr_ans": -0.16674181818962097,
   "decomposition": {
    "early_right": 0.03958333283662796,
    "premature": 0.04991666600108147,
    "wrong_anyway": 0.022583333775401115,
    "full_depth": 0.8879166673868895,
    "prem_per_halt": 0.44535315985130114
   },
   "curve": [
    [
     0.6744999885559082,
     5.461916446685791
    ],
    [
     0.612500011920929,
     4.77958345413208
    ],
    [
     0.5689166784286499,
     4.316500186920166
    ],
    [
     0.534500002861023,
     3.9382500648498535
    ],
    [
     0.5055833458900452,
     3.6396665573120117
    ],
    [
     0.47874999046325684,
     3.366999864578247
    ],
    [
     0.4597499966621399,
     3.1635000705718994
    ],
    [
     0.4424166679382324,
     2.968583345413208
    ],
    [
     0.42633333802223206,
     2.7734999656677246
    ],
    [
     0.4116666615009308,
     2.6004998683929443
    ],
    [
     0.398666650056839,
     2.418583393096924
    ],
    [
     0.3882499933242798,
     2.2806665897369385
    ],
    [
     0.3775833249092102,
     2.1367499828338623
    ],
    [
     0.3684999942779541,
     1.9993332624435425
    ],
    [
     0.35899999737739563,
     1.8768333196640015
    ],
    [
     0.35241666436195374,
     1.7208333015441895
    ],
    [
     0.3426666557788849,
     1.5699999332427979
    ],
    [
     0.3231666684150696,
     1.3634999990463257
    ],
    [
     0.30649998784065247,
     1.1738333702087402
    ],
    [
     0.29608333110809326,
     1.06850004196167
    ],
    [
     0.29258331656455994,
     1.034166693687439
    ],
    [
     0.29216665029525757,
     1.025333285331726
    ],
    [
     0.29124999046325684,
     1.0187499523162842
    ],
    [
     0.29091665148735046,
     1.0130833387374878
    ],
    [
     0.28816667199134827,
     1.0
    ]
   ]
  },
  "rnorm": {
   "tau": -192.31692504882812,
   "tau_ok": false,
   "acc": 0.6825833320617676,
   "steps": 5.531583309173584,
   "shuf_g": 0.6866666555404664,
   "shuf_b": 0.6861333250999451,
   "corr_ans": -0.08523484319448471,
   "decomposition": {
    "early_right": 0.04583333432674408,
    "premature": 0.041583333164453506,
    "wrong_anyway": 0.01924999989569187,
    "full_depth": 0.8933333326131105,
    "prem_per_halt": 0.38984375
   },
   "curve": [
    [
     0.6825833320617676,
     5.531583309173584
    ],
    [
     0.628083348274231,
     4.936916828155518
    ],
    [
     0.5857499837875366,
     4.486000061035156
    ],
    [
     0.5475000143051147,
     4.074666500091553
    ],
    [
     0.5215833187103271,
     3.791249990463257
    ],
    [
     0.503333330154419,
     3.56850004196167
    ],
    [
     0.4841666519641876,
     3.3426666259765625
    ],
    [
     0.46700000762939453,
     3.1355834007263184
    ],
    [
     0.4544999897480011,
     2.960583209991455
    ],
    [
     0.4404999911785126,
     2.7868332862854004
    ],
    [
     0.42541664838790894,
     2.6089165210723877
    ],
    [
     0.41333332657814026,
     2.447833299636841
    ],
    [
     0.3970833420753479,
     2.245666742324829
    ],
    [
     0.37941667437553406,
     1.9987499713897705
    ],
    [
     0.35733333230018616,
     1.6994999647140503
    ],
    [
     0.3400833308696747,
     1.4754999876022339
    ],
    [
     0.3254999816417694,
     1.3114166259765625
    ],
    [
     0.31166666746139526,
     1.183666706085205
    ],
    [
     0.29491665959358215,
     1.0825833082199097
    ],
    [
     0.29133331775665283,
     1.0534999370574951
    ],
    [
     0.28858333826065063,
     1.0304999351501465
    ],
    [
     0.28816667199134827,
     1.0244166851043701
    ],
    [
     0.28816667199134827,
     1.0149166584014893
    ],
    [
     0.28816667199134827,
     1.0054166316986084
    ],
    [
     0.28816667199134827,
     1.0
    ]
   ]
  },
  "dstate": {
   "tau": 35.837589263916016,
   "tau_ok": true,
   "acc": 0.7133333086967468,
   "steps": 5.053333282470703,
   "shuf_g": 0.6861500024795533,
   "shuf_b": 0.686899995803833,
   "corr_ans": 0.050763268023729324,
   "decomposition": {
    "early_right": 0.27666667103767395,
    "premature": 0.020416665822267532,
    "wrong_anyway": 0.12208332866430283,
    "full_depth": 0.5808333344757557,
    "prem_per_halt": 0.048707753479125246
   },