{
 "task": "reachp2",
 "seed": 7,
 "d": 256,
 "nohalt_acc": 0.7235833406448364,
 "fixed_frontier": [
  0.2919166684150696,
  0.4828333258628845,
  0.6089166402816772,
  0.7078333497047424,
  0.7198333144187927,
  0.7235833406448364
 ],
 "arms": {
  "ent": {
   "tau": 0.00012935930863022804,
   "tau_ok": false,
   "acc": 0.6629999876022339,
   "steps": 5.415833473205566,
   "shuf_g": 0.6742999792098999,
   "shuf_b": 0.6748666644096375,
   "corr_ans": -0.4819611608982086,
   "decomposition": {
    "early_right": 0.03233333304524422,
    "premature": 0.062166664749383926,
    "wrong_anyway": 0.025083333253860474,
    "full_depth": 0.8804166689515114,
    "prem_per_halt": 0.5198606271777003
   },
   "curve": [
    [
     0.6629999876022339,
     5.415833473205566
    ],
    [
     0.5554999709129333,
     4.389583110809326
    ],
    [
     0.4775833189487457,
     3.6388332843780518
    ],
    [
     0.43166667222976685,
     3.1207499504089355
    ],
    [
     0.41224998235702515,
     2.7888333797454834
    ],
    [
     0.40024998784065247,
     2.5695834159851074
    ],
    [
     0.39266666769981384,
     2.4937498569488525
    ],
    [
     0.3877499997615814,
     2.4422500133514404
    ],
    [
     0.38358333706855774,
     2.3961665630340576
    ],
    [
     0.37958332896232605,
     2.348249912261963
    ],
    [
     0.37424999475479126,
     2.291249990463257
    ],
    [
     0.3675000071525574,
     2.2193334102630615
    ],
    [
     0.3610000014305115,
     2.143916606903076
    ],
    [
     0.3556666672229767,
     2.069166660308838
    ],
    [
     0.351500004529953,
     2.0060832500457764
    ],
    [
     0.3493333160877228,
     1.9568333625793457
    ],
    [
     0.3473333418369293,
     1.903249979019165
    ],
    [
     0.3449999988079071,
     1.837583303451538
    ],
    [
     0.3424166738986969,
     1.7600833177566528
    ],
    [
     0.34066665172576904,
     1.687416672706604
    ],
    [
     0.3370833396911621,
     1.591333270072937
    ],
    [
     0.33283331990242004,
     1.4851666688919067
    ],
    [
     0.32833331823349,
     1.378833293914795
    ],
    [
     0.32233333587646484,
     1.2735832929611206
    ],
    [
     0.3110833168029785,
     1.118916630744934
    ]
   ]
  },
  "recon": {
   "tau": 3.8051445484161377,
   "tau_ok": false,
   "acc": 0.675083339214325,
   "steps": 5.4417500495910645,
   "shuf_g": 0.6776333332061768,
   "shuf_b": 0.6783833265304565,
   "corr_ans": -0.21400195360183716,
   "decomposition": {
    "early_right": 0.042750000953674316,
    "premature": 0.049833331257104874,
    "wrong_anyway": 0.024833332747220993,
    "full_depth": 0.8825833350419998,
    "prem_per_halt": 0.42441447835344215
   },
   "curve": [
    [
     0.675083339214325,
     5.4417500495910645
    ],
    [
     0.6144999861717224,
     4.799333095550537
    ],
    [
     0.5747500061988831,
     4.396166801452637
    ],
    [
     0.5442500114440918,
     4.060500144958496
    ],
    [
     0.5164999961853027,
     3.771583318710327
    ],
    [
     0.4894999861717224,
     3.4793334007263184
    ],
    [
     0.4661666750907898,
     3.240333318710327
    ],
    [
     0.4492499828338623,
     3.035249948501587
    ],
    [
     0.43308332562446594,
     2.843416690826416
    ],
    [
     0.41991665959358215,
     2.659583330154419
    ],
    [
     0.4074166715145111,
     2.5012500286102295
    ],
    [
     0.3959166705608368,
     2.3536665439605713
    ],
    [
     0.3865000009536743,
     2.2166666984558105
    ],
    [
     0.37700000405311584,
     2.084416627883911
    ],
    [
     0.36933332681655884,
     1.9491666555404663
    ],
    [
     0.3605000078678131,
     1.815999984741211
    ],
    [
     0.35116666555404663,
     1.6924166679382324
    ],
    [
     0.34341666102409363,
     1.5800833702087402
    ],
    [
     0.33774998784065247,
     1.4482499361038208
    ],
    [
     0.328083336353302,
     1.3182499408721924
    ],
    [
     0.31174999475479126,
     1.1644999980926514
    ],
    [
     0.3020833432674408,
     1.0753333568572998
    ],
    [
     0.29491665959358215,
     1.0203332901000977
    ],
    [
     0.2919166684150696,
     1.0
    ],
    [
     0.2919166684150696,
     1.0
    ]
   ]
  },
  "rnorm": {
   "tau": -197.56466674804688,
   "tau_ok": false,
   "acc": 0.6854166388511658,
   "steps": 5.538583278656006,
   "shuf_g": 0.6889166593551636,
   "shuf_b": 0.6887833118438721,
   "corr_ans": -0.10889450460672379,
   "decomposition": {
    "early_right": 0.046833332628011703,
    "premature": 0.03941666707396507,
    "wrong_anyway": 0.01874999888241291,
    "full_depth": 0.8950000014156103,
    "prem_per_halt": 0.3753968253968254
   },
   "curve": [
    [
     0.6854166388511658,
     5.538583278656006
    ],
    [
     0.6261666417121887,
     4.909666538238525
    ],
    [
     0.5845000147819519,
     4.485083103179932
    ],
    [
     0.5529999732971191,
     4.156083106994629
    ],
    [
     0.5258333086967468,
     3.854583263397217
    ],
    [
     0.5034999847412109,
     3.613499879837036
    ],
    [
     0.4819166660308838,
     3.3702499866485596
    ],
    [
     0.4661666750907898,
     3.155083417892456
    ],
    [
     0.4515833258628845,
     2.9693334102630615
    ],
    [
     0.437416672706604,
     2.7873332500457764
    ],
    [
     0.42358332872390747,
     2.6135833263397217
    ],
    [
     0.4125833213329315,
     2.4430832862854004
    ],
    [
     0.4020000100135803,
     2.234083414077759
    ],
    [
     0.38633331656455994,
     1.9844999313354492
    ],
    [
     0.3633333146572113,
     1.715749979019165
    ],
    [
     0.34466665983200073,
     1.4900833368301392
    ],
    [
     0.3244166672229767,
     1.3034166097640991
    ],
    [
     0.3059166669845581,
     1.1694166660308838
    ],
    [
     0.29516667127609253,
     1.0814999341964722
    ],
    [
     0.2932499945163727,
     1.0548332929611206
    ],
    [
     0.2920833230018616,
     1.032166600227356
    ],
    [
     0.2919166684150696,
     1.0235832929611206
    ],
    [
     0.2919166684150696,
     1.0142500400543213
    ],
    [
     0.2919166684150696,
     1.004249930381775
    ],
    [
     0.2919166684150696,
     1.0
    ]
   ]
  },
  "dstate": {
   "tau": 26.4727725982666,
   "tau_ok": true,
   "acc": 0.7164166569709778,
   "steps": 5.344916820526123,
   "shuf_g": 0.7020333290100098,
   "shuf_b": 0.7022166728973389,
   "corr_ans": 0.07252589613199234,
   "decomposition": {
    "early_right": 0.19325000047683716,
    "premature": 0.013666666112840176,
    "wrong_anyway": 0.09674999862909317,
    "full_depth": 0.6963333347812295,
    "prem_per_halt": 0.04500548847420417
   },