{
 "task": "reachp2",
 "seed": 5,
 "d": 256,
 "nohalt_acc": 0.7134166359901428,
 "fixed_frontier": [
  0.29241666197776794,
  0.4728333353996277,
  0.6008333563804626,
  0.6990000009536743,
  0.7108333110809326,
  0.7134166359901428
 ],
 "arms": {
  "ent": {
   "tau": 0.00014459453814197332,
   "tau_ok": false,
   "acc": 0.659500002861023,
   "steps": 5.426333427429199,
   "shuf_g": 0.667216670513153,
   "shuf_b": 0.6664000034332276,
   "corr_ans": -0.44386932253837585,
   "decomposition": {
    "early_right": 0.03500000014901161,
    "premature": 0.05741666629910469,
    "wrong_anyway": 0.025416666641831398,
    "full_depth": 0.8821666669100523,
    "prem_per_halt": 0.4872701555869873
   },
   "curve": [
    [
     0.659500002861023,
     5.426333427429199
    ],
    [
     0.5534166693687439,
     4.393833160400391
    ],
    [
     0.4700833261013031,
     3.6054165363311768
    ],
    [
     0.42141667008399963,
     3.0971665382385254
    ],
    [
     0.39791667461395264,
     2.70674991607666
    ],
    [
     0.3869166672229767,
     2.496166706085205
    ],
    [
     0.3813333213329315,
     2.4300832748413086
    ],
    [
     0.37708333134651184,
     2.369499921798706
    ],
    [
     0.3724166750907898,
     2.3275833129882812
    ],
    [
     0.3684166669845581,
     2.2855000495910645
    ],
    [
     0.36516666412353516,
     2.234833240509033
    ],
    [
     0.35741665959358215,
     2.1621665954589844
    ],
    [
     0.3512499928474426,
     2.084416627883911
    ],
    [
     0.3467499911785126,
     2.013333320617676
    ],
    [
     0.3434999883174896,
     1.9480832815170288
    ],
    [
     0.3409166634082794,
     1.8918333053588867
    ],
    [
     0.3389166593551636,
     1.8271666765213013
    ],
    [
     0.3372499942779541,
     1.7569999694824219
    ],
    [
     0.33416667580604553,
     1.6766666173934937
    ],
    [
     0.3319166600704193,
     1.6040832996368408
    ],
    [
     0.32866665720939636,
     1.5231666564941406
    ],
    [
     0.32508331537246704,
     1.4265832901000977
    ],
    [
     0.3190000057220459,
     1.3197499513626099
    ],
    [
     0.3140000104904175,
     1.2236666679382324
    ],
    [
     0.30416667461395264,
     1.1019999980926514
    ]
   ]
  },
  "recon": {
   "tau": 3.6054911613464355,
   "tau_ok": false,
   "acc": 0.6660000085830688,
   "steps": 5.468249797821045,
   "shuf_g": 0.6708999872207642,
   "shuf_b": 0.6711333274841309,
   "corr_ans": -0.17996373772621155,
   "decomposition": {
    "early_right": 0.039250001311302185,
    "premature": 0.05049999803304672,
    "wrong_anyway": 0.02108333259820938,
    "full_depth": 0.8891666680574417,
    "prem_per_halt": 0.4556390977443609
   },
   "curve": [
    [
     0.6660000085830688,
     5.468249797821045
    ],
    [
     0.6013333201408386,
     4.7216668128967285
    ],
    [
     0.559666633605957,
     4.297916412353516
    ],
    [
     0.5294166803359985,
     3.9593331813812256
    ],
    [
     0.49941664934158325,
     3.6431665420532227
    ],
    [
     0.4763333201408386,
     3.3735833168029785
    ],
    [
     0.45533332228660583,
     3.1433331966400146
    ],
    [
     0.4386666715145111,
     2.9402499198913574
    ],
    [
     0.4242500066757202,
     2.7738332748413086
    ],
    [
     0.4113333225250244,
     2.614666700363159
    ],
    [
     0.39933332800865173,
     2.4661667346954346
    ],
    [
     0.38858333230018616,
     2.3095834255218506
    ],
    [
     0.37808331847190857,
     2.1719167232513428
    ],
    [
     0.36800000071525574,
     2.038416624069214
    ],
    [
     0.3609166741371155,
     1.9250832796096802
    ],
    [
     0.3553333282470703,
     1.8056666851043701
    ],
    [
     0.3476666510105133,
     1.688083291053772
    ],
    [
     0.3409999907016754,
     1.5791666507720947
    ],
    [
     0.33416667580604553,
     1.462499976158142
    ],
    [
     0.32491666078567505,
     1.3174166679382324
    ],
    [
     0.3152500092983246,
     1.2052500247955322
    ],
    [
     0.3016666769981384,
     1.0755000114440918
    ],
    [
     0.2929166555404663,
     1.002666711807251
    ],
    [
     0.29241666197776794,
     1.0
    ],
    [
     0.29241666197776794,
     1.0
    ]
   ]
  },
  "rnorm": {
   "tau": -185.06436157226562,
   "tau_ok": false,
   "acc": 0.6744166612625122,
   "steps": 5.546666622161865,
   "shuf_g": 0.6787833213806153,
   "shuf_b": 0.6806333303451538,
   "corr_ans": -0.07943987101316452,
   "decomposition": {
    "early_right": 0.04324999824166298,
    "premature": 0.041333332657814026,
    "wrong_anyway": 0.01783333346247673,
    "full_depth": 0.8975833356380463,
    "prem_per_halt": 0.403580146460537
   },
   "curve": [
    [
     0.6744166612625122,
     5.546666622161865
    ],
    [
     0.6185833215713501,
     4.932916641235352
    ],
    [
     0.5771666765213013,
     4.483999729156494
    ],
    [
     0.5419999957084656,
     4.100416660308838
    ],
    [
     0.5169166326522827,
     3.822166681289673
    ],
    [
     0.4959999918937683,
     3.556999921798706
    ],
    [
     0.4793333411216736,
     3.3364999294281006
    ],
    [
     0.4625833332538605,
     3.1295833587646484
    ],
    [
     0.4490000009536743,
     2.943000078201294
    ],
    [
     0.43700000643730164,
     2.758166551589966
    ],
    [
     0.4244166612625122,
     2.5652499198913574
    ],
    [
     0.40974998474121094,
     2.351249933242798
    ],
    [
     0.39283332228660583,
     2.072833299636841
    ],
    [
     0.37450000643730164,
     1.8072500228881836
    ],
    [
     0.36133334040641785,
     1.590666651725769
    ],
    [
     0.3462499976158142,
     1.4277499914169312
    ],
    [
     0.335833340883255,
     1.3271666765213013
    ],
    [
     0.32350000739097595,
     1.2360832691192627
    ],
    [
     0.3095833361148834,
     1.152583360671997
    ],
    [
     0.2982499897480011,
     1.0804166793823242
    ],
    [
     0.296750009059906,
     1.0646666288375854
    ],
    [
     0.29241666197776794,
     1.0292500257492065
    ],
    [
     0.29233333468437195,
     1.0187499523162842
    ],
    [
     0.29241666197776794,
     1.0097500085830688
    ],
    [
     0.29241666197776794,
     1.0019999742507935
    ]
   ]
  },
  "dstate": {
   "tau": 26.742563247680664,
   "tau_ok": true,
   "acc": 0.7079166769981384,
   "steps": 5.345250129699707,
   "shuf_g": 0.6927833318710327,
   "shuf_b": 0.6928499817848206,
   "corr_ans": 0.04279869794845581,
   "decomposition": {
    "early_right": 0.19641666114330292,
    "premature": 0.014083333313465118,
    "wrong_anyway": 0.09224999696016312,
    "full_depth": 0.6972500085830688,
    "prem_per_halt": 0.04651802917698872
   },