{
 "task": "reachp2",
 "seed": 6,
 "d": 256,
 "nohalt_acc": 0.7175832986831665,
 "fixed_frontier": [
  0.2915000021457672,
  0.46816664934158325,
  0.5992500185966492,
  0.6971666812896729,
  0.7114999890327454,
  0.7175832986831665
 ],
 "arms": {
  "ent": {
   "tau": 0.00014092703349888325,
   "tau_ok": false,
   "acc": 0.6658333539962769,
   "steps": 5.488083362579346,
   "shuf_g": 0.6758500099182129,
   "shuf_b": 0.6751166582107544,
   "corr_ans": -0.46376967430114746,
   "decomposition": {
    "early_right": 0.028083333745598793,
    "premature": 0.05441666767001152,
    "wrong_anyway": 0.02383333258330822,
    "full_depth": 0.8936666660010815,
    "prem_per_halt": 0.5117554858934169
   },
   "curve": [
    [
     0.6658333539962769,
     5.488083362579346
    ],
    [
     0.5640833377838135,
     4.471166610717773
    ],
    [
     0.49416667222976685,
     3.729916572570801
    ],
    [
     0.4436666667461395,
     3.2004165649414062
    ],
    [
     0.41741666197776794,
     2.806666612625122
    ],
    [
     0.40533334016799927,
     2.5707499980926514
    ],
    [
     0.3969999849796295,
     2.478749990463257
    ],
    [
     0.3919999897480011,
     2.4269165992736816
    ],
    [
     0.3868333399295807,
     2.370500087738037
    ],
    [
     0.38233333826065063,
     2.3244166374206543
    ],
    [
     0.37674999237060547,
     2.2758333683013916
    ],
    [
     0.37033334374427795,
     2.197833299636841
    ],
    [
     0.36408331990242004,
     2.1154165267944336
    ],
    [
     0.35841667652130127,
     2.0321667194366455
    ],
    [
     0.3540000021457672,
     1.9766666889190674
    ],
    [
     0.351666659116745,
     1.9222500324249268
    ],
    [
     0.3500833213329315,
     1.8550000190734863
    ],
    [
     0.3478333353996277,
     1.78083336353302
    ],
    [
     0.34599998593330383,
     1.7098332643508911
    ],
    [
     0.34458333253860474,
     1.627916693687439
    ],
    [
     0.34200000762939453,
     1.5473333597183228
    ],
    [
     0.3346666693687439,
     1.4455000162124634
    ],
    [
     0.3309166729450226,
     1.3568333387374878
    ],
    [
     0.32374998927116394,
     1.2454999685287476
    ],
    [
     0.3082500100135803,
     1.1035000085830688
    ]
   ]
  },
  "recon": {
   "tau": 4.108745098114014,
   "tau_ok": false,
   "acc": 0.6680833101272583,
   "steps": 5.433666706085205,
   "shuf_g": 0.6707499861717224,
   "shuf_b": 0.6716500043869018,
   "corr_ans": -0.17736776173114777,
   "decomposition": {
    "early_right": 0.03949999809265137,
    "premature": 0.05283333361148834,
    "wrong_anyway": 0.025499999523162842,
    "full_depth": 0.8821666687726974,
    "prem_per_halt": 0.44837340876944837
   },
   "curve": [
    [
     0.6680833101272583,
     5.433666706085205
    ],
    [
     0.6106666326522827,
     4.758833408355713
    ],
    [
     0.5730833411216736,
     4.345749855041504
    ],
    [
     0.5419999957084656,
     4.002833366394043
    ],
    [
     0.5133333206176758,
     3.6988332271575928
    ],
    [
     0.4869999885559082,
     3.401749849319458
    ],
    [
     0.4635833203792572,
     3.161083221435547
    ],
    [
     0.44566667079925537,
     2.9439165592193604
    ],
    [
     0.4309999942779541,
     2.771083354949951
    ],
    [
     0.42008331418037415,
     2.6142499446868896
    ],
    [
     0.4087499976158142,
     2.473249912261963
    ],
    [
     0.39791667461395264,
     2.3306665420532227
    ],
    [
     0.38991665840148926,
     2.2031667232513428
    ],
    [
     0.3803333342075348,
     2.080583333969116
    ],
    [
     0.3713333308696747,
     1.9526666402816772
    ],
    [
     0.35991665720939636,
     1.8341666460037231
    ],
    [
     0.35241666436195374,
     1.7179999351501465
    ],
    [
     0.34591665863990784,
     1.559666633605957
    ],
    [
     0.3349166512489319,
     1.410249948501587
    ],
    [
     0.31858333945274353,
     1.2258332967758179
    ],
    [
     0.30133333802223206,
     1.0847499370574951
    ],
    [
     0.29483333230018616,
     1.027999997138977
    ],
    [
     0.29499998688697815,
     1.0223332643508911
    ],
    [
     0.29225000739097595,
     1.0058332681655884
    ],
    [
     0.2915000021457672,
     1.0
    ]
   ]
  },
  "rnorm": {
   "tau": -195.10214233398438,
   "tau_ok": false,
   "acc": 0.6813333034515381,
   "steps": 5.559333324432373,
   "shuf_g": 0.6834666490554809,
   "shuf_b": 0.6839166641235351,
   "corr_ans": -0.08586295694112778,
   "decomposition": {
    "early_right": 0.04075000062584877,
    "premature": 0.03891666606068611,
    "wrong_anyway": 0.019333332777023315,
    "full_depth": 0.9010000005364418,
    "prem_per_halt": 0.3930976430976431
   },
   "curve": [
    [
     0.6813333034515381,
     5.559333324432373
    ],
    [
     0.6269999742507935,
     4.934416770935059
    ],
    [
     0.5859999656677246,
     4.471916675567627
    ],
    [
     0.5529999732971191,
     4.133583068847656
    ],
    [
     0.5260000228881836,
     3.812999963760376
    ],
    [
     0.5059999823570251,
     3.5771665573120117
    ],
    [
     0.4880833327770233,
     3.348416566848755
    ],
    [
     0.47066664695739746,
     3.130666732788086
    ],
    [
     0.4559166729450226,
     2.925833225250244
    ],
    [
     0.44449999928474426,
     2.735333204269409
    ],
    [
     0.43158331513404846,
     2.534916639328003
    ],
    [
     0.41600000858306885,
     2.2987499237060547
    ],
    [
     0.4009999930858612,
     2.0211665630340576
    ],
    [
     0.3857499957084656,
     1.7790833711624146
    ],
    [
     0.37416666746139526,
     1.6130000352859497
    ],
    [
     0.3646666705608368,
     1.5152499675750732
    ],
    [
     0.35624998807907104,
     1.441416621208191
    ],
    [
     0.34291666746139526,
     1.3589999675750732
    ],
    [
     0.32899999618530273,
     1.2607499361038208
    ],
    [
     0.31166666746139526,
     1.1687499284744263
    ],
    [
     0.30266666412353516,
     1.1046667098999023
    ],
    [
     0.2955000102519989,
     1.058833360671997
    ],
    [
     0.2914166748523712,
     1.0297499895095825
    ],
    [
     0.2915000021457672,
     1.0195833444595337
    ],
    [
     0.2915000021457672,
     1.00641667842865
    ]
   ]
  },
  "dstate": {
   "tau": 40.18372344970703,
   "tau_ok": true,
   "acc": 0.7072499990463257,
   "steps": 5.021416664123535,
   "shuf_g": 0.6797833323478699,
   "shuf_b": 0.6808166623115539,
   "corr_ans": 0.04426851496100426,
   "decomposition": {
    "early_right": 0.28583332896232605,
    "premature": 0.023499999195337296,
    "wrong_anyway": 0.1288333386182785,
    "full_depth": 0.5618333332240582,
    "prem_per_halt": 0.053632559908710534
   },