{
 "seed": 4,
 "persist_acc": 0.6743333339691162,
 "fixed_frontier": [
  [
   0.6506666541099548,
   1.0
  ],
  [
   0.675166666507721,
   2.0
  ],
  [
   0.6759999990463257,
   3.0
  ],
  [
   0.6758333444595337,
   4.0
  ],
  [
   0.6748332977294922,
   5.0
  ],
  [
   0.6743333339691162,
   6.0
  ]
 ],
 "arms": {
  "entropy": {
   "tau": 0.0015176510205492377,
   "acc": 0.6743333339691162,
   "steps": 5.503499984741211,
   "gap_vs_persist_pp": 0.0,
   "corr_ans": -0.8262501955032349,
   "decomposition": {
    "early_wrong": 0.0,
    "early_right": 0.11166666666666666,
    "budget_right": 0.5626666666666666,
    "budget_wrong": 0.32566666666666666
   },
   "curve": [
    [
     5.503499984741211,
     0.6743333339691162
    ],
    [
     4.459166526794434,
     0.6743333339691162
    ],
    [
     3.994999885559082,
     0.6743333339691162
    ],
    [
     3.7178332805633545,
     0.6743333339691162
    ],
    [
     3.555333375930786,
     0.6743333339691162
    ],
    [
     3.447166681289673,
     0.6743333339691162
    ],
    [
     3.382999897003174,
     0.6743333339691162
    ],
    [
     3.3271665573120117,
     0.6743333339691162
    ],
    [
     3.2265000343322754,
     0.6743333339691162
    ],
    [
     2.8403332233428955,
     0.6743333339691162
    ],
    [
     2.0255000591278076,
     0.6616666316986084
    ],
    [
     1.3301666975021362,
     0.6546666622161865
    ],
    [
     1.0086666345596313,
     0.6511666774749756
    ],
    [
     1.0,
     0.6506666541099548
    ],
    [
     1.0,
     0.6506666541099548
    ]
   ]
  },
  "conv": {
   "tau": 0.19082733988761902,
   "acc": 0.6761666536331177,
   "steps": 2.440333366394043,
   "gap_vs_persist_pp": 0.18333196640014648,
   "corr_ans": -0.15372449159622192,
   "decomposition": {
    "early_wrong": 0.3235,
    "early_right": 0.6751666666666667,
    "budget_right": 0.001,
    "budget_wrong": 0.0003333333333333333
   },
   "curve": [
    [
     5.923999786376953,
     0.6743333339691162
    ],
    [
     5.575999736785889,
     0.6743333339691162
    ],
    [
     5.2170000076293945,
     0.6743333339691162
    ],
    [
     4.95716667175293,
     0.6743333339691162
    ],
    [
     4.75933313369751,
     0.6743333339691162
    ],
    [
     4.586999893188477,
     0.6743333339691162
    ],
    [
     4.391333103179932,
     0.6743333339691162
    ],
    [
     4.129833221435547,
     0.6743333339691162
    ],
    [
     3.808666706085205,
     0.6743333339691162
    ],
    [
     3.7100000381469727,
     0.6743333339691162
    ],
    [
     3.432833194732666,
     0.6743333339691162
    ],
    [
     3.0761666297912598,
     0.675000011920929
    ],
    [
     2.7313332557678223,
     0.6763333082199097
    ],
    [
     2.440333366394043,
     0.6761666536331177
    ],
    [
     2.1048333644866943,
     0.6753333210945129
    ]
   ]
  },
  "dstate": {
   "tau": 0.4184049367904663,
   "acc": 0.675166666507721,
   "steps": 4.396666526794434,
   "gap_vs_persist_pp": 0.08333325386047363,
   "corr_ans": 0.4490831792354584,
   "decomposition": {
    "early_wrong": 0.3248333333333333,
    "early_right": 0.076,
    "budget_right": 0.5991666666666666,
    "budget_wrong": 0.0
   },
   "curve": [
    [
     5.518666744232178,
     0.6756666302680969
    ],
    [
     4.396666526794434,
     0.675166666507721
    ],
    [
     4.252500057220459,
     0.6744999885559082
    ],
    [
     4.040166854858398,
     0.6678333282470703
    ],
    [
     3.873499870300293,
     0.65666663646698
    ],
    [
     3.7744998931884766,
     0.6528333425521851
    ],
    [
     3.2693333625793457,
     0.6506666541099548
    ],
    [
     2.56166672706604,
     0.6506666541099548
    ],
    [
     2.0409998893737793,
     0.6506666541099548
    ],
    [
     1.4839999675750732,
     0.6506666541099548
    ],
    [
     1.0304999351501465,
     0.6506666541099548
    ],
    [
     1.0,
     0.6506666541099548
    ],
    [
     1.0,
     0.6506666541099548
    ],
    [
     1.0,
     0.6506666541099548
    ],
    [
     1.0,
     0.6506666541099548
    ]
   ]
  },
  "recon": {
   "tau": 1.513120174407959,
   "acc": 0.6756666302680969,
   "steps": 5.328166484832764,
   "gap_vs_persist_pp": 0.1333296298980713,
   "corr_ans": -0.39263108372688293,
   "decomposition": {
    "early_wrong": 0.2955,
    "early_right": 0.03716666666666667,
    "budget_right": 0.6385,
    "budget_wrong": 0.028833333333333332
   },
   "curve": [
    [
     5.913000106811523,
     0.675000011920929
    ],
    [
     5.676333427429199,
     0.6754999756813049
    ],
    [
     5.328166484832764,
     0.6756666302680969
    ],
    [
     4.875166416168213,
     0.675000011920929
    ],
    [
     3.872333288192749,
     0.672166645526886
    ],
    [
     2.760333299636841,
     0.6694999933242798
    ],
    [
     1.965333342552185,
     0.6676666736602783
    ],
    [
     1.6051666736602783,
     0.6639999747276306
    ],
    [
     1.4143333435058594,
     0.6621666550636292
    ],
    [
     1.2960000038146973,
     0.6610000133514404
    ],
    [
     1.2028332948684692,
     0.6591666340827942
    ],
    [
     1.1351666450500488,
     0.6586666703224182
    ],
    [
     1.0820000171661377,
     0.656499981880188
    ],
    [
     1.0460000038146973,
     0.6536666750907898
    ],
    [
     1.0139999389648438,
     0.6508333086967468
    ]
   ]
  }
 },
 "depth_vs_load": {
  "3": 5.200000286102295,
  "4": 4.782978534698486,
  "6": 4.857142925262451,
  "7": 4.619718074798584,
  "8": 4.643067836761475,
  "10": 4.9361701011657715,
  "11": 4.5302324295043945,
  "12": 4.71999979019165,
  "13": 4.473684310913086,
  "14": 4.7317070960998535,
  "15": 4.86294412612915,
  "16": 4.810126781463623,
  "17": 5.060402870178223,
  "18": 4.8541669845581055,
  "19": 4.60109281539917,
  "20": 4.513660907745361,
  "21": 4.921348571777344,
  "22": 4.502674102783203,
  "23": 4.732240200042725,
  "24": 4.325123310089111,
  "25": 4.060606002807617,
  "26": 4.5064377784729,
  "27": 4.068965435028076,
  "28": 4.187191963195801,
  "29": 4.112903118133545,
  "30": 3.9213974475860596,
  "31": 3.7719297409057617,
  "32": 3.7662336826324463,
  "33": 3.5876288414001465,
  "34": 3.5260114669799805,
  "35": 3.904762029647827,
  "36": 3.7662336826324463,
  "37": 3.4358975887298584,
  "38": 3.5999999046325684
 }
}