{
 "seed": 1,
 "persist_acc": 0.5160000324249268,
 "fixed_frontier": [
  [
   0.4962500333786011,
   1.0
  ],
  [
   0.5036250352859497,
   2.0
  ],
  [
   0.5088750123977661,
   3.0
  ],
  [
   0.5126250386238098,
   4.0
  ],
  [
   0.515250027179718,
   5.0
  ],
  [
   0.5160000324249268,
   6.0
  ]
 ],
 "arms": {
  "entropy": {
   "tau": 0.004583869129419327,
   "acc": 0.5160000324249268,
   "steps": 5.8736252784729,
   "gap_vs_persist_pp": 0.0,
   "corr_ans": -0.5652658343315125,
   "decomposition": {
    "early_wrong": 0.0,
    "early_right": 0.026125,
    "budget_right": 0.489875,
    "budget_wrong": 0.484
   },
   "curve": [
    [
     5.8736252784729,
     0.5160000324249268
    ],
    [
     5.457500457763672,
     0.5160000324249268
    ],
    [
     5.0863752365112305,
     0.5160000324249268
    ],
    [
     4.766875267028809,
     0.5160000324249268
    ],
    [
     4.486000061035156,
     0.5160000324249268
    ],
    [
     4.162374973297119,
     0.5160000324249268
    ],
    [
     3.820125102996826,
     0.515625
    ],
    [
     3.4436252117156982,
     0.5127500295639038
    ],
    [
     3.0860002040863037,
     0.5091250538825989
    ],
    [
     2.7365000247955322,
     0.5052500367164612
    ],
    [
     2.4392502307891846,
     0.5017500519752502
    ],
    [
     2.155750036239624,
     0.499875009059906
    ],
    [
     1.821000099182129,
     0.49775001406669617
    ],
    [
     1.4768750667572021,
     0.4971250295639038
    ],
    [
     1.1082500219345093,
     0.4961250126361847
    ]
   ]
  },
  "conv": {
   "tau": 0.0030024503357708454,
   "acc": 0.5161250233650208,
   "steps": 4.311000347137451,
   "gap_vs_persist_pp": 0.012499094009399414,
   "corr_ans": -0.18063823878765106,
   "decomposition": {
    "early_wrong": 0.04175,
    "early_right": 0.423125,
    "budget_right": 0.093,
    "budget_wrong": 0.442125
   },
   "curve": [
    [
     5.845500469207764,
     0.5160000324249268
    ],
    [
     5.431500434875488,
     0.5160000324249268
    ],
    [
     5.14900016784668,
     0.5160000324249268
    ],
    [
     4.923500061035156,
     0.5160000324249268
    ],
    [
     4.726250171661377,
     0.5160000324249268
    ],
    [
     4.52025032043457,
     0.5160000324249268
    ],
    [
     4.311000347137451,
     0.5161250233650208
    ],
    [
     4.118124961853027,
     0.5161250233650208
    ],
    [
     3.905250072479248,
     0.5160000324249268
    ],
    [
     3.6605002880096436,
     0.5161250233650208
    ],
    [
     3.3702502250671387,
     0.515125036239624
    ],
    [
     3.049875259399414,
     0.5142500400543213
    ],
    [
     2.7223751544952393,
     0.5121250152587891
    ],
    [
     2.401625156402588,
     0.5092500448226929
    ],
    [
     2.079125165939331,
     0.5049999952316284
    ]
   ]
  },
  "dstate": {
   "tau": 0.0040527451783418655,
   "acc": 0.5161250233650208,
   "steps": 5.9226250648498535,
   "gap_vs_persist_pp": 0.012499094009399414,
   "corr_ans": -0.385244220495224,
   "decomposition": {
    "early_wrong": 0.02225,
    "early_right": 0.004375,
    "budget_right": 0.51175,
    "budget_wrong": 0.461625
   },
   "curve": [
    [
     5.9226250648498535,
     0.5161250233650208
    ],
    [
     5.567625045776367,
     0.5157500505447388
    ],
    [
     5.111125469207764,
     0.5145000219345093
    ],
    [
     4.6438751220703125,
     0.5136250257492065
    ],
    [
     4.190124988555908,
     0.5126250386238098
    ],
    [
     3.76912522315979,
     0.5118750333786011
    ],
    [
     3.3702502250671387,
     0.5105000138282776
    ],
    [
     2.996875047683716,
     0.5086250305175781
    ],
    [
     2.6760001182556152,
     0.5067500472068787
    ],
    [
     2.42900013923645,
     0.5052500367164612
    ],
    [
     2.223750114440918,
     0.5049999952316284
    ],
    [
     2.0830001831054688,
     0.5040000081062317
    ],
    [
     1.9381251335144043,
     0.5036250352859497
    ],
    [
     1.530500054359436,
     0.5002500414848328
    ],
    [
     1.1192500591278076,
     0.49662503600120544
    ]
   ]
  },
  "recon": {
   "tau": 0.730007529258728,
   "acc": 0.5160000324249268,
   "steps": 5.452500343322754,
   "gap_vs_persist_pp": 0.0,
   "corr_ans": -0.43168240785598755,
   "decomposition": {
    "early_wrong": 0.0,
    "early_right": 0.109875,
    "budget_right": 0.406125,
    "budget_wrong": 0.484
   },
   "curve": [
    [
     5.452500343322754,
     0.5160000324249268
    ],
    [
     4.313750267028809,
     0.515625
    ],
    [
     3.7058751583099365,
     0.5132500529289246
    ],
    [
     3.153125047683716,
     0.5103750228881836
    ],
    [
     2.6448750495910645,
     0.5085000395774841
    ],
    [
     2.1867501735687256,
     0.5060000419616699
    ],
    [
     1.805125117301941,
     0.503250002861023
    ],
    [
     1.483625054359436,
     0.5015000104904175
    ],
    [
     1.2387501001358032,
     0.49900001287460327
    ],
    [
     1.0636250972747803,
     0.4971250295639038
    ],
    [
     1.0098750591278076,
     0.4962500333786011
    ],
    [
     1.0023750066757202,
     0.4962500333786011
    ],
    [
     1.0006250143051147,
     0.4962500333786011
    ],
    [
     1.0,
     0.4962500333786011
    ],
    [
     1.0,
     0.4962500333786011
    ]
   ]
  }
 },
 "depth_vs_load": {
  "4": 5.968000411987305,
  "8": 5.955822944641113,
  "12": 5.919678688049316,
  "16": 5.929006099700928,
  "20": 5.924489498138428,
  "24": 5.892339706420898,
  "27": 6.0,
  "28": 5.945606708526611,
  "31": 6.000000476837158,
  "32": 5.9023356437683105,
  "35": 5.900000095367432,
  "36": 5.9237470626831055,
  "39": 5.9166669845581055,
  "40": 5.9443206787109375,
  "43": 6.0,
  "44": 5.917619705200195,
  "47": 5.984127521514893,
  "48": 5.89976692199707,
  "51": 5.851351261138916,
  "52": 5.925659656524658,
  "55": 5.878048419952393,
  "56": 5.896551609039307,
  "59": 5.888888835906982,
  "60": 5.936708927154541,
  "63": 5.957446575164795,
  "64": 5.844961166381836
 }
}