{
 "seed": 8,
 "persist_acc": 0.5122500061988831,
 "fixed_frontier": [
  [
   0.49675002694129944,
   1.0
  ],
  [
   0.5022500157356262,
   2.0
  ],
  [
   0.5086250305175781,
   3.0
  ],
  [
   0.5115000009536743,
   4.0
  ],
  [
   0.5125000476837158,
   5.0
  ],
  [
   0.5122500061988831,
   6.0
  ]
 ],
 "arms": {
  "entropy": {
   "tau": 0.004080173093825579,
   "acc": 0.5122500061988831,
   "steps": 5.865875244140625,
   "gap_vs_persist_pp": 0.0,
   "corr_ans": -0.5619641542434692,
   "decomposition": {
    "early_wrong": 0.0,
    "early_right": 0.027375,
    "budget_right": 0.484875,
    "budget_wrong": 0.48775
   },
   "curve": [
    [
     5.865875244140625,
     0.5122500061988831
    ],
    [
     5.460250377655029,
     0.5122500061988831
    ],
    [
     5.096375465393066,
     0.5122500061988831
    ],
    [
     4.795375347137451,
     0.5122500061988831
    ],
    [
     4.507500171661377,
     0.5122500061988831
    ],
    [
     4.1897501945495605,
     0.5122500061988831
    ],
    [
     3.858875274658203,
     0.5120000243186951
    ],
    [
     3.484375238418579,
     0.5095000267028809
    ],
    [
     3.1080000400543213,
     0.5067500472068787
    ],
    [
     2.78837513923645,
     0.5045000314712524
    ],
    [
     2.5037500858306885,
     0.5021250247955322
    ],
    [
     2.196624994277954,
     0.5013750195503235
    ],
    [
     1.8403750658035278,
     0.49925002455711365
    ],
    [
     1.486125111579895,
     0.4976250231266022
    ],
    [
     1.114625096321106,
     0.49675002694129944
    ]
   ]
  },
  "conv": {
   "tau": 1.0711665936469217e-06,
   "acc": 0.5122500061988831,
   "steps": 5.845500469207764,
   "gap_vs_persist_pp": 0.0,
   "corr_ans": -0.16661237180233002,
   "decomposition": {
    "early_wrong": 0.0,
    "early_right": 0.041375,
    "budget_right": 0.470875,
    "budget_wrong": 0.48775
   },
   "curve": [
    [
     5.845500469207764,
     0.5122500061988831
    ],
    [
     5.429000377655029,
     0.5122500061988831
    ],
    [
     5.142625331878662,
     0.5122500061988831
    ],
    [
     4.922500133514404,
     0.5122500061988831
    ],
    [
     4.729875087738037,
     0.5122500061988831
    ],
    [
     4.538375377655029,
     0.5122500061988831
    ],
    [
     4.316375255584717,
     0.5125000476837158
    ],
    [
     4.1101250648498535,
     0.5122500061988831
    ],
    [
     3.90012526512146,
     0.5118750333786011
    ],
    [
     3.647125244140625,
     0.5120000243186951
    ],
    [
     3.354250192642212,
     0.5117500424385071
    ],
    [
     3.0328750610351562,
     0.5112500190734863
    ],
    [
     2.705125093460083,
     0.5106250047683716
    ],
    [
     2.3721251487731934,
     0.5075000524520874
    ],
    [
     2.0723750591278076,
     0.5037500262260437
    ]
   ]
  },
  "dstate": {
   "tau": 0.004419007804244757,
   "acc": 0.5121250152587891,
   "steps": 5.909750461578369,
   "gap_vs_persist_pp": -0.012499094009399414,
   "corr_ans": -0.37088796496391296,
   "decomposition": {
    "early_wrong": 0.0235,
    "early_right": 0.004625,
    "budget_right": 0.5075,
    "budget_wrong": 0.464375
   },
   "curve": [
    [
     5.909750461578369,
     0.5121250152587891
    ],
    [
     5.506125450134277,
     0.5118750333786011
    ],
    [
     5.074875354766846,
     0.5111250281333923
    ],
    [
     4.599250316619873,
     0.5095000267028809
    ],
    [
     4.150875091552734,
     0.5081250071525574
    ],
    [
     3.712125062942505,
     0.5076250433921814
    ],
    [
     3.3208751678466797,
     0.5068750381469727
    ],
    [
     2.9610002040863037,
     0.5067500472068787
    ],
    [
     2.649250030517578,
     0.5052500367164612
    ],
    [
     2.4015002250671387,
     0.5045000314712524
    ],
    [
     2.2032501697540283,
     0.503000020980835
    ],
    [
     2.0788750648498535,
     0.502750039100647
    ],
    [
     1.9411250352859497,
     0.5020000338554382
    ],
    [
     1.5245001316070557,
     0.49912503361701965
    ],
    [
     1.128250002861023,
     0.49675002694129944
    ]
   ]
  },
  "recon": {
   "tau": 0.804557204246521,
   "acc": 0.5122500061988831,
   "steps": 5.431000232696533,
   "gap_vs_persist_pp": 0.0,
   "corr_ans": -0.43160465359687805,
   "decomposition": {
    "early_wrong": 0.0,
    "early_right": 0.114,
    "budget_right": 0.39825,
    "budget_wrong": 0.48775
   },
   "curve": [
    [
     5.431000232696533,
     0.5122500061988831
    ],
    [
     4.538125038146973,
     0.5122500061988831
    ],
    [
     3.76312518119812,
     0.5093750357627869
    ],
    [
     2.9376251697540283,
     0.5055000185966492
    ],
    [
     2.309500217437744,
     0.5018750429153442
    ],
    [
     1.845750093460083,
     0.5001250505447388
    ],
    [
     1.5288751125335693,
     0.49925002455711365
    ],
    [
     1.3218750953674316,
     0.4983750283718109
    ],
    [
     1.1646250486373901,
     0.4973750114440918
    ],
    [
     1.0828750133514404,
     0.49687501788139343
    ],
    [
     1.0291250944137573,
     0.4970000088214874
    ],
    [
     1.005250096321106,
     0.49675002694129944
    ],
    [
     1.0007500648498535,
     0.49675002694129944
    ],
    [
     1.0,
     0.49675002694129944
    ],
    [
     1.0,
     0.49675002694129944
    ]
   ]
  }
 },
 "depth_vs_load": {
  "4": 5.981964111328125,
  "8": 5.929718494415283,
  "12": 5.957575798034668,
  "16": 5.906122207641602,
  "20": 5.932098388671875,
  "24": 5.925773620605469,
  "27": 6.0,
  "28": 5.88235330581665,
  "31": 6.000000476837158,
  "32": 5.929936408996582,
  "35": 6.0,
  "36": 5.890322685241699,
  "39": 5.675675868988037,
  "40": 5.897825717926025,
  "43": 5.872340202331543,
  "44": 5.868888854980469,
  "47": 5.703703880310059,
  "48": 5.88687801361084,
  "51": 5.90625,
  "52": 5.9396748542785645,
  "55": 5.898550987243652,
  "56": 5.888888835906982,
  "59": 5.974026203155518,
  "60": 5.886473178863525,
  "63": 5.752809047698975,
  "64": 5.883084297180176
 }
}