{
 "seed": 9,
 "persist_acc": 0.5052500367164612,
 "fixed_frontier": [
  [
   0.48775002360343933,
   1.0
  ],
  [
   0.49425002932548523,
   2.0
  ],
  [
   0.499500036239624,
   3.0
  ],
  [
   0.502625048160553,
   4.0
  ],
  [
   0.5041249990463257,
   5.0
  ],
  [
   0.5052500367164612,
   6.0
  ]
 ],
 "arms": {
  "entropy": {
   "tau": 0.004284626804292202,
   "acc": 0.5052500367164612,
   "steps": 5.859125137329102,
   "gap_vs_persist_pp": 0.0,
   "corr_ans": -0.5694290399551392,
   "decomposition": {
    "early_wrong": 0.0,
    "early_right": 0.029,
    "budget_right": 0.47625,
    "budget_wrong": 0.49475
   },
   "curve": [
    [
     5.859125137329102,
     0.5052500367164612
    ],
    [
     5.467000484466553,
     0.5052500367164612
    ],
    [
     5.081250190734863,
     0.5052500367164612
    ],
    [
     4.7482500076293945,
     0.5052500367164612
    ],
    [
     4.493500232696533,
     0.5052500367164612
    ],
    [
     4.222375392913818,
     0.5052500367164612
    ],
    [
     3.9200000762939453,
     0.5051250457763672
    ],
    [
     3.52875018119812,
     0.503125011920929
    ],
    [
     3.161250114440918,
     0.49800002574920654
    ],
    [
     2.811000108718872,
     0.49637502431869507
    ],
    [
     2.5058751106262207,
     0.4948750138282776
    ],
    [
     2.2098751068115234,
     0.4923750162124634
    ],
    [
     1.870500087738037,
     0.4907500147819519
    ],
    [
     1.5390000343322754,
     0.48875001072883606
    ],
    [
     1.1465001106262207,
     0.4882500171661377
    ]
   ]
  },
  "conv": {
   "tau": 1.1793260910053505e-06,
   "acc": 0.5052500367164612,
   "steps": 5.8338751792907715,
   "gap_vs_persist_pp": 0.0,
   "corr_ans": -0.15388959646224976,
   "decomposition": {
    "early_wrong": 0.0,
    "early_right": 0.045125,
    "budget_right": 0.460125,
    "budget_wrong": 0.49475
   },
   "curve": [
    [
     5.8338751792907715,
     0.5052500367164612
    ],
    [
     5.438625335693359,
     0.5052500367164612
    ],
    [
     5.15262508392334,
     0.5052500367164612
    ],
    [
     4.907124996185303,
     0.5052500367164612
    ],
    [
     4.725000381469727,
     0.5052500367164612
    ],
    [
     4.551875114440918,
     0.5052500367164612
    ],
    [
     4.348750114440918,
     0.5049999952316284
    ],
    [
     4.121000289916992,
     0.5046250224113464
    ],
    [
     3.895125150680542,
     0.5046250224113464
    ],
    [
     3.6493752002716064,
     0.5045000314712524
    ],
    [
     3.371000051498413,
     0.5040000081062317
    ],
    [
     3.0567500591278076,
     0.5036250352859497
    ],
    [
     2.727750062942505,
     0.5023750066757202
    ],
    [
     2.3797500133514404,
     0.499500036239624
    ],
    [
     2.089250087738037,
     0.4961250126361847
    ]
   ]
  },
  "dstate": {
   "tau": 0.003434771439060569,
   "acc": 0.5051250457763672,
   "steps": 5.908750057220459,
   "gap_vs_persist_pp": -0.012499094009399414,
   "corr_ans": -0.37742099165916443,
   "decomposition": {
    "early_wrong": 0.02825,
    "early_right": 0.0035,
    "budget_right": 0.501625,
    "budget_wrong": 0.466625
   },
   "curve": [
    [
     5.908750057220459,
     0.5051250457763672
    ],
    [
     5.503625392913818,
     0.5042500495910645
    ],
    [
     5.071000099182129,
     0.5036250352859497
    ],
    [
     4.59250020980835,
     0.503000020980835
    ],
    [
     4.114875316619873,
     0.5012500286102295
    ],
    [
     3.6806252002716064,
     0.499875009059906
    ],
    [
     3.263000249862671,
     0.4975000321865082
    ],
    [
     2.9103751182556152,
     0.49650001525878906
    ],
    [
     2.587625026702881,
     0.4957500100135803
    ],
    [
     2.355250120162964,
     0.49525001645088196
    ],
    [
     2.181500196456909,
     0.4947500228881836
    ],
    [
     2.053500175476074,
     0.4946250319480896
    ],
    [
     1.9508750438690186,
     0.49425002932548523
    ],
    [
     1.5331250429153442,
     0.49162501096725464
    ],
    [
     1.137125015258789,
     0.48850002884864807
    ]
   ]
  },
  "recon": {
   "tau": 0.7611792087554932,
   "acc": 0.5052500367164612,
   "steps": 5.476250171661377,
   "gap_vs_persist_pp": 0.0,
   "corr_ans": -0.4376457631587982,
   "decomposition": {
    "early_wrong": 0.0,
    "early_right": 0.105125,
    "budget_right": 0.400125,
    "budget_wrong": 0.49475
   },
   "curve": [
    [
     5.476250171661377,
     0.5052500367164612
    ],
    [
     4.483875274658203,
     0.5052500367164612
    ],
    [
     3.8701252937316895,
     0.5037500262260437
    ],
    [
     3.3328752517700195,
     0.5011250376701355
    ],
    [
     2.8223750591278076,
     0.4986250102519989
    ],
    [
     2.3500001430511475,
     0.49637502431869507
    ],
    [
     1.94350004196167,
     0.4936250150203705
    ],
    [
     1.6052501201629639,
     0.49162501096725464
    ],
    [
     1.34975004196167,
     0.48987501859664917
    ],
    [
     1.1762501001358032,
     0.48912501335144043
    ],
    [
     1.0596250295639038,
     0.4881250262260437
    ],
    [
     1.0058749914169312,
     0.4880000352859497
    ],
    [
     1.0,
     0.48775002360343933
    ],
    [
     1.0,
     0.48775002360343933
    ],
    [
     1.0,
     0.48775002360343933
    ]
   ]
  }
 },
 "depth_vs_load": {
  "4": 5.957915782928467,
  "8": 5.921843528747559,
  "12": 5.95381498336792,
  "16": 5.9294352531433105,
  "20": 5.914633750915527,
  "24": 5.944444179534912,
  "27": 5.800000190734863,
  "28": 5.904167175292969,
  "31": 5.774193286895752,
  "32": 5.9275054931640625,
  "35": 6.0,
  "36": 5.930434703826904,
  "39": 5.895833492279053,
  "40": 5.913525581359863,
  "43": 5.927272319793701,
  "44": 5.905405521392822,
  "47": 5.9365081787109375,
  "48": 5.864678859710693,
  "51": 5.948051929473877,
  "52": 5.845605850219727,
  "55": 5.842696666717529,
  "56": 5.853301048278809,
  "59": 5.838383674621582,
  "60": 5.878787994384766,
  "63": 5.941176891326904,
  "64": 5.891752243041992
 }
}