{
 "seed": 2,
 "persist_acc": 0.5122500061988831,
 "fixed_frontier": [
  [
   0.4933750331401825,
   1.0
  ],
  [
   0.4975000321865082,
   2.0
  ],
  [
   0.5038750171661377,
   3.0
  ],
  [
   0.5077500343322754,
   4.0
  ],
  [
   0.5110000371932983,
   5.0
  ],
  [
   0.5122500061988831,
   6.0
  ]
 ],
 "arms": {
  "entropy": {
   "tau": 0.004350636620074511,
   "acc": 0.5122500061988831,
   "steps": 5.845375061035156,
   "gap_vs_persist_pp": 0.0,
   "corr_ans": -0.5721870064735413,
   "decomposition": {
    "early_wrong": 0.0,
    "early_right": 0.03175,
    "budget_right": 0.4805,
    "budget_wrong": 0.48775
   },
   "curve": [
    [
     5.845375061035156,
     0.5122500061988831
    ],
    [
     5.440125465393066,
     0.5122500061988831
    ],
    [
     5.088125228881836,
     0.5122500061988831
    ],
    [
     4.7542500495910645,
     0.5122500061988831
    ],
    [
     4.4695000648498535,
     0.5122500061988831
    ],
    [
     4.134125232696533,
     0.5122500061988831
    ],
    [
     3.8046252727508545,
     0.5117500424385071
    ],
    [
     3.448000192642212,
     0.5085000395774841
    ],
    [
     3.0702500343322754,
     0.5045000314712524
    ],
    [
     2.7296252250671387,
     0.5007500052452087
    ],
    [
     2.445625066757202,
     0.4985000193119049
    ],
    [
     2.128499984741211,
     0.49687501788139343
    ],
    [
     1.7945001125335693,
     0.49500003457069397
    ],
    [
     1.427625060081482,
     0.49412500858306885
    ],
    [
     1.0917500257492065,
     0.4933750331401825
    ]
   ]
  },
  "conv": {
   "tau": 1.1550879435162642e-06,
   "acc": 0.5122500061988831,
   "steps": 5.843250274658203,
   "gap_vs_persist_pp": 0.0,
   "corr_ans": -0.19994473457336426,
   "decomposition": {
    "early_wrong": 0.0,
    "early_right": 0.0415,
    "budget_right": 0.47075,
    "budget_wrong": 0.48775
   },
   "curve": [
    [
     5.843250274658203,
     0.5122500061988831
    ],
    [
     5.4341254234313965,
     0.5122500061988831
    ],
    [
     5.136875152587891,
     0.5122500061988831
    ],
    [
     4.9205002784729,
     0.5122500061988831
    ],
    [
     4.721500396728516,
     0.5122500061988831
    ],
    [
     4.510375022888184,
     0.5122500061988831
    ],
    [
     4.29925012588501,
     0.5121250152587891
    ],
    [
     4.089375019073486,
     0.5118750333786011
    ],
    [
     3.8766252994537354,
     0.5116250514984131
    ],
    [
     3.6293752193450928,
     0.5110000371932983
    ],
    [
     3.359875202178955,
     0.5108750462532043
    ],
    [
     3.0648751258850098,
     0.5092500448226929
    ],
    [
     2.7271251678466797,
     0.5067500472068787
    ],
    [
     2.3868751525878906,
     0.5042500495910645
    ],
    [
     2.072499990463257,
     0.4988750219345093
    ]
   ]
  },
  "dstate": {
   "tau": 0.0032081191893666983,
   "acc": 0.5120000243186951,
   "steps": 5.915750503540039,
   "gap_vs_persist_pp": -0.024998188018798828,
   "corr_ans": -0.37831050157546997,
   "decomposition": {
    "early_wrong": 0.024125,
    "early_right": 0.003625,
    "budget_right": 0.508375,
    "budget_wrong": 0.463875
   },
   "curve": [
    [
     5.915750503540039,
     0.5120000243186951
    ],
    [
     5.555000305175781,
     0.5113750100135803
    ],
    [
     5.150125026702881,
     0.5103750228881836
    ],
    [
     4.69950008392334,
     0.5087500214576721
    ],
    [
     4.1957502365112305,
     0.5071250200271606
    ],
    [
     3.704125165939331,
     0.5045000314712524
    ],
    [
     3.2871251106262207,
     0.503250002861023
    ],
    [
     2.8877501487731934,
     0.5017500519752502
    ],
    [
     2.5552501678466797,
     0.5003750324249268
    ],
    [
     2.3128750324249268,
     0.49900001287460327
    ],
    [
     2.158250093460083,
     0.49812501668930054
    ],
    [
     2.057000160217285,
     0.4976250231266022
    ],
    [
     1.9480000734329224,
     0.4975000321865082
    ],
    [
     1.5192500352859497,
     0.49525001645088196
    ],
    [
     1.1168750524520874,
     0.49375003576278687
    ]
   ]
  },
  "recon": {
   "tau": 0.7731768488883972,
   "acc": 0.5122500061988831,
   "steps": 5.453000068664551,
   "gap_vs_persist_pp": 0.0,
   "corr_ans": -0.4353511333465576,
   "decomposition": {
    "early_wrong": 0.0,
    "early_right": 0.10975,
    "budget_right": 0.4025,
    "budget_wrong": 0.48775
   },
   "curve": [
    [
     5.453000068664551,
     0.5122500061988831
    ],
    [
     4.409375190734863,
     0.5120000243186951
    ],
    [
     3.5757501125335693,
     0.5077500343322754
    ],
    [
     2.8697500228881836,
     0.503000020980835
    ],
    [
     2.3163750171661377,
     0.5005000233650208
    ],
    [
     1.9305001497268677,
     0.4982500374317169
    ],
    [
     1.608625054359436,
     0.49662503600120544
    ],
    [
     1.396125078201294,
     0.49550002813339233
    ],
    [
     1.218250036239624,
     0.4945000112056732
    ],
    [
     1.1015000343322754,
     0.49375003576278687
    ],
    [
     1.0358750820159912,
     0.4935000240802765
    ],
    [
     1.0043751001358032,
     0.4933750331401825
    ],
    [
     1.0001250505447388,
     0.4933750331401825
    ],
    [
     1.0,
     0.4933750331401825
    ],
    [
     1.0,
     0.4933750331401825
    ]
   ]
  }
 },
 "depth_vs_load": {
  "4": 5.9839677810668945,
  "8": 5.937374114990234,
  "12": 5.951219081878662,
  "16": 5.938650131225586,
  "20": 5.921649932861328,
  "24": 5.931535720825195,
  "27": 5.958333492279053,
  "28": 5.903361797332764,
  "31": 6.0,
  "32": 5.926003932952881,
  "35": 5.941176414489746,
  "36": 5.877682209014893,
  "39": 5.902438640594482,
  "40": 5.91266393661499,
  "43": 5.9347825050354,
  "44": 5.904867172241211,
  "47": 5.960784435272217,
  "48": 5.892617702484131,
  "51": 5.950000286102295,
  "52": 5.90182638168335,
  "55": 6.0,
  "56": 5.883177280426025,
  "59": 6.0,
  "60": 5.869359016418457,
  "63": 5.8108110427856445,
  "64": 5.855769634246826
 }
}