{
 "seed": 3,
 "persist_acc": 0.5191250443458557,
 "fixed_frontier": [
  [
   0.5024999976158142,
   1.0
  ],
  [
   0.5087500214576721,
   2.0
  ],
  [
   0.5139999985694885,
   3.0
  ],
  [
   0.5160000324249268,
   4.0
  ],
  [
   0.5180000066757202,
   5.0
  ],
  [
   0.5191250443458557,
   6.0
  ]
 ],
 "arms": {
  "entropy": {
   "tau": 0.003709034761413932,
   "acc": 0.5191250443458557,
   "steps": 5.872750282287598,
   "gap_vs_persist_pp": 0.0,
   "corr_ans": -0.5666096806526184,
   "decomposition": {
    "early_wrong": 0.0,
    "early_right": 0.025875,
    "budget_right": 0.49325,
    "budget_wrong": 0.480875
   },
   "curve": [
    [
     5.872750282287598,
     0.5191250443458557
    ],
    [
     5.458125114440918,
     0.5191250443458557
    ],
    [
     5.086750030517578,
     0.5191250443458557
    ],
    [
     4.758500099182129,
     0.5191250443458557
    ],
    [
     4.460625171661377,
     0.5191250443458557
    ],
    [
     4.152375221252441,
     0.5191250443458557
    ],
    [
     3.7808752059936523,
     0.5192500352859497
    ],
    [
     3.4103751182556152,
     0.5173750519752502
    ],
    [
     3.0445001125335693,
     0.5137500166893005
    ],
    [
     2.7345001697540283,
     0.5105000138282776
    ],
    [
     2.450125217437744,
     0.5081250071525574
    ],
    [
     2.190500020980835,
     0.5060000419616699
    ],
    [
     1.8716250658035278,
     0.5048750042915344
    ],
    [
     1.5083750486373901,
     0.503250002861023
    ],
    [
     1.105625033378601,
     0.502625048160553
    ]
   ]
  },
  "conv": {
   "tau": 9.268474627788237e-07,
   "acc": 0.5191250443458557,
   "steps": 5.864875316619873,
   "gap_vs_persist_pp": 0.0,
   "corr_ans": -0.18348479270935059,
   "decomposition": {
    "early_wrong": 0.0,
    "early_right": 0.03575,
    "budget_right": 0.483375,
    "budget_wrong": 0.480875
   },
   "curve": [
    [
     5.864875316619873,
     0.5191250443458557
    ],
    [
     5.461125373840332,
     0.5191250443458557
    ],
    [
     5.153500080108643,
     0.5191250443458557
    ],
    [
     4.907375335693359,
     0.5191250443458557
    ],
    [
     4.693875312805176,
     0.5191250443458557
    ],
    [
     4.49037504196167,
     0.5191250443458557
    ],
    [
     4.2778754234313965,
     0.5190000534057617
    ],
    [
     4.048125267028809,
     0.5190000534057617
    ],
    [
     3.827625274658203,
     0.518625020980835
    ],
    [
     3.587125062942505,
     0.518875002861023
    ],
    [
     3.3107502460479736,
     0.518750011920929
    ],
    [
     3.0073752403259277,
     0.5171250104904175
    ],
    [
     2.692500114440918,
     0.5162500143051147
    ],
    [
     2.3802502155303955,
     0.5131250023841858
    ],
    [
     2.073625087738037,
     0.5098749995231628
    ]
   ]
  },
  "dstate": {
   "tau": 0.0028302876744419336,
   "acc": 0.5190000534057617,
   "steps": 5.925000190734863,
   "gap_vs_persist_pp": -0.012499094009399414,
   "corr_ans": -0.3775055408477783,
   "decomposition": {
    "early_wrong": 0.02075,
    "early_right": 0.00375,
    "budget_right": 0.51525,
    "budget_wrong": 0.46025
   },
   "curve": [
    [
     5.925000190734863,
     0.5190000534057617
    ],
    [
     5.534250259399414,
     0.518875002861023
    ],
    [
     5.076250076293945,
     0.5177500247955322
    ],
    [
     4.601500034332275,
     0.5170000195503235
    ],
    [
     4.102250099182129,
     0.5167500376701355
    ],
    [
     3.605250120162964,
     0.515375018119812
    ],
    [
     3.1510002613067627,
     0.5137500166893005
    ],
    [
     2.7788751125335693,
     0.5117500424385071
    ],
    [
     2.4826250076293945,
     0.5106250047683716
    ],
    [
     2.2758750915527344,
     0.5096250176429749
    ],
    [
     2.130000114440918,
     0.5087500214576721
    ],
    [
     2.0406250953674316,
     0.5088750123977661
    ],
    [
     1.9418751001358032,
     0.5087500214576721
    ],
    [
     1.523875117301941,
     0.5057500004768372
    ],
    [
     1.1276251077651978,
     0.503000020980835
    ]
   ]
  },
  "recon": {
   "tau": 1.4092597961425781,
   "acc": 0.5192500352859497,
   "steps": 4.411875247955322,
   "gap_vs_persist_pp": 0.012499094009399414,
   "corr_ans": -0.43484294414520264,
   "decomposition": {
    "early_wrong": 0.002,
    "early_right": 0.315625,
    "budget_right": 0.203625,
    "budget_wrong": 0.47875
   },
   "curve": [
    [
     5.48075008392334,
     0.5191250443458557
    ],
    [
     4.411875247955322,
     0.5192500352859497
    ],
    [
     3.752000093460083,
     0.5178750157356262
    ],
    [
     3.17537522315979,
     0.5142500400543213
    ],
    [
     2.6700000762939453,
     0.512374997138977
    ],
    [
     2.2392501831054688,
     0.5101250410079956
    ],
    [
     1.8906251192092896,
     0.5090000033378601
    ],
    [
     1.5937501192092896,
     0.5070000290870667
    ],
    [
     1.3682500123977661,
     0.5057500004768372
    ],
    [
     1.1997500658035278,
     0.5037500262260437
    ],
    [
     1.0791250467300415,
     0.502875030040741
    ],
    [
     1.0128750801086426,
     0.502625048160553
    ],
    [
     1.0010000467300415,
     0.5024999976158142
    ],
    [
     1.0,
     0.5024999976158142
    ],
    [
     1.0,
     0.5024999976158142
    ]
   ]
  }
 },
 "depth_vs_load": {
  "4": 5.950000286102295,
  "8": 5.951807022094727,
  "12": 5.957661151885986,
  "16": 5.963414192199707,
  "20": 5.9117045402526855,
  "24": 5.939958572387695,
  "28": 5.925156116485596,
  "31": 6.0,
  "32": 5.918238639831543,
  "35": 6.0,
  "36": 5.921940803527832,
  "39": 5.857142925262451,
  "40": 5.91182804107666,
  "43": 5.902438640594482,
  "44": 5.919389724731445,
  "47": 6.0,
  "48": 5.889887809753418,
  "51": 5.92307710647583,
  "52": 5.923787593841553,
  "55": 5.869565486907959,
  "56": 5.8852458000183105,
  "59": 5.913580417633057,
  "60": 5.888619899749756,
  "63": 5.908163070678711,
  "64": 5.924050807952881
 }
}