{
 "seed": 5,
 "persist_acc": 0.41983333230018616,
 "fixed_frontier": [
  [
   0.3369999825954437,
   1.0
  ],
  [
   0.4099999964237213,
   2.0
  ],
  [
   0.42516666650772095,
   3.0
  ],
  [
   0.4206666648387909,
   4.0
  ],
  [
   0.4216666519641876,
   5.0
  ],
  [
   0.41983333230018616,
   6.0
  ]
 ],
 "arms": {
  "entropy": {
   "tau": 0.0063301376067101955,
   "acc": 0.4008333384990692,
   "steps": 5.438499927520752,
   "gap_vs_persist_pp": -1.8999993801116943,
   "corr_ans": -0.5332240462303162,
   "decomposition": {
    "early_wrong": 0.06266666666666666,
    "early_right": 0.049666666666666665,
    "budget_right": 0.3511666666666667,
    "budget_wrong": 0.5365
   },
   "curve": [
    [
     5.438499927520752,
     0.4008333384990692
    ],
    [
     3.615499973297119,
     0.34316664934158325
    ],
    [
     2.928666591644287,
     0.32766667008399963
    ],
    [
     2.7146666049957275,
     0.3251666724681854
    ],
    [
     2.6664998531341553,
     0.32616665959358215
    ],
    [
     2.6416666507720947,
     0.3264999985694885
    ],
    [
     2.6073334217071533,
     0.3264999985694885
    ],
    [
     2.567333221435547,
     0.3269999921321869
    ],
    [
     2.5266666412353516,
     0.3266666531562805
    ],
    [
     2.43149995803833,
     0.32899999618530273
    ],
    [
     2.1411666870117188,
     0.33633333444595337
    ],
    [
     1.4606666564941406,
     0.33766666054725647
    ],
    [
     1.0186666250228882,
     0.3371666669845581
    ],
    [
     1.0,
     0.3369999825954437
    ],
    [
     1.0,
     0.3369999825954437
    ]
   ]
  },
  "conv": {
   "tau": 2.9884860515594482,
   "acc": 0.43050000071525574,
   "steps": 2.441499948501587,
   "gap_vs_persist_pp": 1.066666841506958,
   "corr_ans": 0.29023322463035583,
   "decomposition": {
    "early_wrong": 0.5695,
    "early_right": 0.4305,
    "budget_right": 0.0,
    "budget_wrong": 0.0
   },
   "curve": [
    [
     5.886000156402588,
     0.41983333230018616
    ],
    [
     5.739333152770996,
     0.4196666479110718
    ],
    [
     5.542666435241699,
     0.41983333230018616
    ],
    [
     5.2876667976379395,
     0.4194999933242798
    ],
    [
     5.032166481018066,
     0.4194999933242798
    ],
    [
     4.768666744232178,
     0.4196666479110718
    ],
    [
     4.515666484832764,
     0.41999998688697815
    ],
    [
     4.277833461761475,
     0.41983333230018616
    ],
    [
     4.053666591644287,
     0.4191666543483734
    ],
    [
     3.7755000591278076,
     0.4208333194255829
    ],
    [
     3.4588332176208496,
     0.42100000381469727
    ],
    [
     3.125499963760376,
     0.42383334040641785
    ],
    [
     2.7801666259765625,
     0.4269999861717224
    ],
    [
     2.441499948501587,
     0.43050000071525574
    ],
    [
     2.0954999923706055,
     0.42233332991600037
    ]
   ]
  },
  "dstate": {
   "tau": 0.7120642066001892,
   "acc": 0.43299999833106995,
   "steps": 2.700166702270508,
   "gap_vs_persist_pp": 1.316666603088379,
   "corr_ans": 0.20804229378700256,
   "decomposition": {
    "early_wrong": 0.5645,
    "early_right": 0.42833333333333334,
    "budget_right": 0.004666666666666667,
    "budget_wrong": 0.0025
   },
   "curve": [
    [
     5.998000144958496,
     0.41983333230018616
    ],
    [
     5.877166748046875,
     0.4196666479110718
    ],
    [
     5.678833484649658,
     0.4203333258628845
    ],
    [
     5.438499927520752,
     0.4208333194255829
    ],
    [
     5.0908331871032715,
     0.4208333194255829
    ],
    [
     4.7139997482299805,
     0.4206666648387909
    ],
    [
     4.350833415985107,
     0.41983333230018616
    ],
    [
     3.9651665687561035,
     0.42016667127609253
    ],
    [
     3.550833225250244,
     0.42133334279060364
    ],
    [
     3.1571667194366455,
     0.4256666600704193
    ],
    [
     2.700166702270508,
     0.43299999833106995
    ],
    [
     2.2771666049957275,
     0.42533332109451294
    ],
    [
     1.847166657447815,
     0.4051666557788849
    ],
    [
     1.4433332681655884,
     0.375
    ],
    [
     1.0826666355133057,
     0.34816667437553406
    ]
   ]
  },
  "recon": {
   "tau": 0.16964741051197052,
   "acc": 0.40683332085609436,
   "steps": 5.370999813079834,
   "gap_vs_persist_pp": -1.3000011444091797,
   "corr_ans": -0.44203490018844604,
   "decomposition": {
    "early_wrong": 0.05416666666666667,
    "early_right": 0.07166666666666667,
    "budget_right": 0.33516666666666667,
    "budget_wrong": 0.539
   },
   "curve": [
    [
     5.370999813079834,
     0.40683332085609436
    ],
    [
     3.8906667232513428,
     0.3491666615009308
    ],
    [
     3.129166603088379,
     0.33149999380111694
    ],
    [
     2.675999879837036,
     0.32749998569488525
    ],
    [
     1.875999927520752,
     0.33250001072883606
    ],
    [
     1.2595000267028809,
     0.33500000834465027
    ],
    [
     1.0520000457763672,
     0.3369999825954437
    ],
    [
     1.0161666870117188,
     0.3371666669845581
    ],
    [
     1.0049999952316284,
     0.3371666669845581
    ],
    [
     1.00083327293396,
     0.3369999825954437
    ],
    [
     1.0,
     0.3369999825954437
    ],
    [
     1.0,
     0.3369999825954437
    ],
    [
     1.0,
     0.3369999825954437
    ],
    [
     1.0,
     0.3369999825954437
    ],
    [
     1.0,
     0.3369999825954437
    ]
   ]
  }
 },
 "depth_vs_K": {
  "1": 2.7216668128967285,
  "2": 3.5024213790893555,
  "3": 3.5404253005981445
 }
}