{
 "seed": 0,
 "persist_acc": 0.6753333210945129,
 "fixed_frontier": [
  [
   0.6548333168029785,
   1.0
  ],
  [
   0.6771666407585144,
   2.0
  ],
  [
   0.6778333187103271,
   3.0
  ],
  [
   0.6763333082199097,
   4.0
  ],
  [
   0.6759999990463257,
   5.0
  ],
  [
   0.6753333210945129,
   6.0
  ]
 ],
 "arms": {
  "entropy": {
   "tau": 0.0015298882499337196,
   "acc": 0.6753333210945129,
   "steps": 5.585999965667725,
   "gap_vs_persist_pp": 0.0,
   "corr_ans": -0.8240969777107239,
   "decomposition": {
    "early_wrong": 0.0,
    "early_right": 0.095,
    "budget_right": 0.5803333333333334,
    "budget_wrong": 0.32466666666666666
   },
   "curve": [
    [
     5.585999965667725,
     0.6753333210945129
    ],
    [
     4.546000003814697,
     0.6753333210945129
    ],
    [
     4.079333305358887,
     0.6753333210945129
    ],
    [
     3.815999984741211,
     0.6753333210945129
    ],
    [
     3.623666524887085,
     0.6753333210945129
    ],
    [
     3.487833261489868,
     0.6753333210945129
    ],
    [
     3.3921666145324707,
     0.6753333210945129
    ],
    [
     3.3243331909179688,
     0.6753333210945129
    ],
    [
     3.247333288192749,
     0.6753333210945129
    ],
    [
     2.9023332595825195,
     0.6753333210945129
    ],
    [
     2.0980000495910645,
     0.6618333458900452
    ],
    [
     1.3224999904632568,
     0.656499981880188
    ],
    [
     1.0121666193008423,
     0.6548333168029785
    ],
    [
     1.0,
     0.6548333168029785
    ],
    [
     1.0,
     0.6548333168029785
    ]
   ]
  },
  "conv": {
   "tau": 0.17978593707084656,
   "acc": 0.6779999732971191,
   "steps": 2.444000005722046,
   "gap_vs_persist_pp": 0.2666652202606201,
   "corr_ans": -0.13438749313354492,
   "decomposition": {
    "early_wrong": 0.32183333333333336,
    "early_right": 0.6766666666666666,
    "budget_right": 0.0013333333333333333,
    "budget_wrong": 0.00016666666666666666
   },
   "curve": [
    [
     5.919000148773193,
     0.6753333210945129
    ],
    [
     5.592166423797607,
     0.6753333210945129
    ],
    [
     5.271500110626221,
     0.6753333210945129
    ],
    [
     4.95716667175293,
     0.6753333210945129
    ],
    [
     4.711333274841309,
     0.6753333210945129
    ],
    [
     4.559000015258789,
     0.6753333210945129
    ],
    [
     4.405666828155518,
     0.6753333210945129
    ],
    [
     4.162166595458984,
     0.6753333210945129
    ],
    [
     3.8434998989105225,
     0.6753333210945129
    ],
    [
     3.7236666679382324,
     0.6753333210945129
    ],
    [
     3.4526665210723877,
     0.6759999990463257
    ],
    [
     3.0939998626708984,
     0.6768333315849304
    ],
    [
     2.7690000534057617,
     0.6768333315849304
    ],
    [
     2.444000005722046,
     0.6779999732971191
    ],
    [
     2.0994999408721924,
     0.6775000095367432
    ]
   ]
  },
  "dstate": {
   "tau": 0.4059399664402008,
   "acc": 0.6771666407585144,
   "steps": 4.39466667175293,
   "gap_vs_persist_pp": 0.18333196640014648,
   "corr_ans": 0.46047070622444153,
   "decomposition": {
    "early_wrong": 0.32283333333333336,
    "early_right": 0.0785,
    "budget_right": 0.5986666666666667,
    "budget_wrong": 0.0
   },
   "curve": [
    [
     5.499333381652832,
     0.675166666507721
    ],
    [
     4.39466667175293,
     0.6771666407585144
    ],
    [
     4.239833354949951,
     0.6765000224113464
    ],
    [
     4.000166416168213,
     0.6668333411216736
    ],
    [
     3.7834999561309814,
     0.6578333377838135
    ],
    [
     3.673166513442993,
     0.6549999713897705
    ],
    [
     3.2184998989105225,
     0.6548333168029785
    ],
    [
     2.5961666107177734,
     0.6548333168029785
    ],
    [
     2.0898332595825195,
     0.6548333168029785
    ],
    [
     1.4763332605361938,
     0.6548333168029785
    ],
    [
     1.03166663646698,
     0.6548333168029785
    ],
    [
     1.0,
     0.6548333168029785
    ],
    [
     1.0,
     0.6548333168029785
    ],
    [
     1.0,
     0.6548333168029785
    ],
    [
     1.0,
     0.6548333168029785
    ]
   ]
  },
  "recon": {
   "tau": 1.496038794517517,
   "acc": 0.6758333444595337,
   "steps": 5.830999851226807,
   "gap_vs_persist_pp": 0.050002336502075195,
   "corr_ans": -0.40760815143585205,
   "decomposition": {
    "early_wrong": 0.0415,
    "early_right": 0.015333333333333332,
    "budget_right": 0.6605,
    "budget_wrong": 0.2826666666666667
   },
   "curve": [
    [
     5.830999851226807,
     0.6758333444595337
    ],
    [
     5.553500175476074,
     0.6761666536331177
    ],
    [
     5.233166694641113,
     0.6766666769981384
    ],
    [
     4.7195000648498535,
     0.6756666302680969
    ],
    [
     3.7903332710266113,
     0.6753333210945129
    ],
    [
     2.933833360671997,
     0.6739999651908875
    ],
    [
     2.2203333377838135,
     0.6725000143051147
    ],
    [
     1.785499930381775,
     0.6701666712760925
    ],
    [
     1.5216666460037231,
     0.6678333282470703
    ],
    [
     1.3496665954589844,
     0.6651666760444641
    ],
    [
     1.24399995803833,
     0.6633332967758179
    ],
    [
     1.1693333387374878,
     0.6611666679382324
    ],
    [
     1.100000023841858,
     0.6596666574478149
    ],
    [
     1.0531666278839111,
     0.6576666831970215
    ],
    [
     1.0166666507720947,
     0.656499981880188
    ]
   ]
  }
 },
 "depth_vs_load": {
  "3": 5.179487228393555,
  "4": 4.796536922454834,
  "6": 4.2068963050842285,
  "7": 4.666666507720947,
  "8": 4.687697410583496,
  "9": 4.451612949371338,
  "10": 4.545454502105713,
  "11": 4.837438106536865,
  "12": 4.764398097991943,
  "13": 4.989011287689209,
  "14": 4.905027866363525,
  "15": 4.7513227462768555,
  "16": 4.616352081298828,
  "17": 4.987654209136963,
  "18": 4.824858665466309,
  "19": 4.617021083831787,
  "20": 4.559139728546143,
  "21": 4.613636493682861,
  "22": 4.609625816345215,
  "23": 4.3842363357543945,
  "24": 4.2028985023498535,
  "25": 4.040403842926025,
  "26": 4.291079998016357,
  "27": 4.285714626312256,
  "28": 4.0779218673706055,
  "29": 3.9826085567474365,
  "30": 3.7192983627319336,
  "31": 4.038095474243164,
  "32": 3.88444447517395,
  "33": 3.896907091140747,
  "34": 3.7435898780822754,
  "35": 3.6410257816314697,
  "36": 3.5342464447021484,
  "37": 3.125
 }
}