{
 "seed": 9,
 "persist_acc": 0.42800000309944153,
 "fixed_frontier": [
  [
   0.3348333239555359,
   1.0
  ],
  [
   0.4154999852180481,
   2.0
  ],
  [
   0.4309999942779541,
   3.0
  ],
  [
   0.4284999966621399,
   4.0
  ],
  [
   0.42750000953674316,
   5.0
  ],
  [
   0.42800000309944153,
   6.0
  ]
 ],
 "arms": {
  "entropy": {
   "tau": 0.006608016788959503,
   "acc": 0.4034999907016754,
   "steps": 5.35366678237915,
   "gap_vs_persist_pp": -2.4500012397766113,
   "corr_ans": -0.5387278199195862,
   "decomposition": {
    "early_wrong": 0.07216666666666667,
    "early_right": 0.057166666666666664,
    "budget_right": 0.3463333333333333,
    "budget_wrong": 0.5243333333333333
   },
   "curve": [
    [
     5.35366678237915,
     0.4034999907016754
    ],
    [
     3.5893332958221436,
     0.3493333160877228
    ],
    [
     2.9236667156219482,
     0.3344999849796295
    ],
    [
     2.7003333568573,
     0.3323333263397217
    ],
    [
     2.6529998779296875,
     0.33166664838790894
    ],
    [
     2.626499891281128,
     0.33166664838790894
    ],
    [
     2.5826666355133057,
     0.33250001072883606
    ],
    [
     2.552000045776367,
     0.33250001072883606
    ],
    [
     2.5113332271575928,
     0.33250001072883606
    ],
    [
     2.433333396911621,
     0.3321666717529297
    ],
    [
     2.1424999237060547,
     0.3346666693687439
    ],
    [
     1.5219999551773071,
     0.3344999849796295
    ],
    [
     1.0761666297912598,
     0.33416667580604553
    ],
    [
     1.0046666860580444,
     0.33516666293144226
    ],
    [
     1.0,
     0.3348333239555359
    ]
   ]
  },
  "conv": {
   "tau": 3.1518912315368652,
   "acc": 0.43316665291786194,
   "steps": 2.442499876022339,
   "gap_vs_persist_pp": 0.516664981842041,
   "corr_ans": 0.29498615860939026,
   "decomposition": {
    "early_wrong": 0.5668333333333333,
    "early_right": 0.43316666666666664,
    "budget_right": 0.0,
    "budget_wrong": 0.0
   },
   "curve": [
    [
     5.926333427429199,
     0.42800000309944153
    ],
    [
     5.7769999504089355,
     0.42800000309944153
    ],
    [
     5.56683349609375,
     0.42750000953674316
    ],
    [
     5.302000045776367,
     0.4271666705608368
    ],
    [
     5.0301666259765625,
     0.42750000953674316
    ],
    [
     4.758833408355713,
     0.4281666576862335
    ],
    [
     4.514999866485596,
     0.42800000309944153
    ],
    [
     4.296499729156494,
     0.42783331871032715
    ],
    [
     4.073666572570801,
     0.4273333251476288
    ],
    [
     3.808333396911621,
     0.42750000953674316
    ],
    [
     3.4858334064483643,
     0.4281666576862335
    ],
    [
     3.137166738510132,
     0.42933332920074463
    ],
    [
     2.7920000553131104,
     0.43183332681655884
    ],
    [
     2.442499876022339,
     0.43316665291786194
    ],
    [
     2.1024999618530273,
     0.42633333802223206
    ]
   ]
  },
  "dstate": {
   "tau": 0.6991877555847168,
   "acc": 0.43199998140335083,
   "steps": 2.7119998931884766,
   "gap_vs_persist_pp": 0.3999978303909302,
   "corr_ans": 0.22892311215400696,
   "decomposition": {
    "early_wrong": 0.5666666666666667,
    "early_right": 0.42783333333333334,
    "budget_right": 0.004166666666666667,
    "budget_wrong": 0.0013333333333333333
   },
   "curve": [
    [
     5.998000144958496,
     0.42800000309944153
    ],
    [
     5.863333225250244,
     0.4271666705608368
    ],
    [
     5.637666702270508,
     0.4271666705608368
    ],
    [
     5.393499851226807,
     0.4286666512489319
    ],
    [
     5.087833404541016,
     0.4284999966621399
    ],
    [
     4.739500045776367,
     0.42800000309944153
    ],
    [
     4.3433332443237305,
     0.42750000953674316
    ],
    [
     3.990499973297119,
     0.42800000309944153
    ],
    [
     3.5906665325164795,
     0.42899999022483826
    ],
    [
     3.1718332767486572,
     0.43149998784065247
    ],
    [
     2.7119998931884766,
     0.43199998140335083
    ],
    [
     2.299999952316284,
     0.4248333275318146
    ],
    [
     1.8765000104904175,
     0.4013333320617676
    ],
    [
     1.4531666040420532,
     0.375
    ],
    [
     1.0813332796096802,
     0.34599998593330383
    ]
   ]
  },
  "recon": {
   "tau": 0.17712615430355072,
   "acc": 0.41083332896232605,
   "steps": 5.43583345413208,
   "gap_vs_persist_pp": -1.7166674137115479,
   "corr_ans": -0.4474483132362366,
   "decomposition": {
    "early_wrong": 0.051333333333333335,
    "early_right": 0.0615,
    "budget_right": 0.34933333333333333,
    "budget_wrong": 0.5378333333333334
   },
   "curve": [
    [
     5.43583345413208,
     0.41083332896232605
    ],
    [
     3.874666690826416,
     0.359333336353302
    ],
    [
     3.137500047683716,
     0.3371666669845581
    ],
    [
     2.7221665382385254,
     0.33383333683013916
    ],
    [
     1.8311666250228882,
     0.33416667580604553
    ],
    [
     1.1433333158493042,
     0.3346666693687439
    ],
    [
     1.0391666889190674,
     0.3348333239555359
    ],
    [
     1.004166603088379,
     0.3348333239555359
    ],
    [
     1.0,
     0.3348333239555359
    ],
    [
     1.0,
     0.3348333239555359
    ],
    [
     1.0,
     0.3348333239555359
    ],
    [
     1.0,
     0.3348333239555359
    ],
    [
     1.0,
     0.3348333239555359
    ],
    [
     1.0,
     0.3348333239555359
    ],
    [
     1.0,
     0.3348333239555359
    ]
   ]
  }
 },
 "depth_vs_K": {
  "1": 2.813397169113159,
  "2": 3.4934444427490234,
  "3": 3.5714285373687744
 }
}