{
 "seed": 6,
 "persist_acc": 0.5235000252723694,
 "fixed_frontier": [
  [
   0.5042500495910645,
   1.0
  ],
  [
   0.5117500424385071,
   2.0
  ],
  [
   0.518250048160553,
   3.0
  ],
  [
   0.5210000276565552,
   4.0
  ],
  [
   0.5228750109672546,
   5.0
  ],
  [
   0.5235000252723694,
   6.0
  ]
 ],
 "arms": {
  "entropy": {
   "tau": 0.003837462980300188,
   "acc": 0.5235000252723694,
   "steps": 5.861250400543213,
   "gap_vs_persist_pp": 0.0,
   "corr_ans": -0.5711616277694702,
   "decomposition": {
    "early_wrong": 0.0,
    "early_right": 0.028375,
    "budget_right": 0.495125,
    "budget_wrong": 0.4765
   },
   "curve": [
    [
     5.861250400543213,
     0.5235000252723694
    ],
    [
     5.405125141143799,
     0.5235000252723694
    ],
    [
     5.040500164031982,
     0.5235000252723694
    ],
    [
     4.737500190734863,
     0.5235000252723694
    ],
    [
     4.465625286102295,
     0.5235000252723694
    ],
    [
     4.155750274658203,
     0.5235000252723694
    ],
    [
     3.803375244140625,
     0.5231250524520874
    ],
    [
     3.390125274658203,
     0.5198750495910645
    ],
    [
     3.0092501640319824,
     0.515500009059906
    ],
    [
     2.670875072479248,
     0.5116250514984131
    ],
    [
     2.403625011444092,
     0.5101250410079956
    ],
    [
     2.117000102996826,
     0.5082499980926514
    ],
    [
     1.8068751096725464,
     0.5071250200271606
    ],
    [
     1.4503750801086426,
     0.5052500367164612
    ],
    [
     1.1177500486373901,
     0.5043750405311584
    ]
   ]
  },
  "conv": {
   "tau": 1.0357473456679145e-06,
   "acc": 0.5235000252723694,
   "steps": 5.844250202178955,
   "gap_vs_persist_pp": 0.0,
   "corr_ans": -0.17479102313518524,
   "decomposition": {
    "early_wrong": 0.0,
    "early_right": 0.04125,
    "budget_right": 0.48225,
    "budget_wrong": 0.4765
   },
   "curve": [
    [
     5.844250202178955,
     0.5235000252723694
    ],
    [
     5.428000450134277,
     0.5235000252723694
    ],
    [
     5.13100004196167,
     0.5235000252723694
    ],
    [
     4.897750377655029,
     0.5235000252723694
    ],
    [
     4.698875427246094,
     0.5235000252723694
    ],
    [
     4.501875400543213,
     0.5235000252723694
    ],
    [
     4.276625156402588,
     0.5235000252723694
    ],
    [
     4.052999973297119,
     0.5231250524520874
    ],
    [
     3.838250160217285,
     0.5226250290870667
    ],
    [
     3.600250244140625,
     0.5218750238418579
    ],
    [
     3.326625108718872,
     0.5221250057220459
    ],
    [
     3.0313751697540283,
     0.5210000276565552
    ],
    [
     2.7145001888275146,
     0.5193750262260437
    ],
    [
     2.417875051498413,
     0.518250048160553
    ],
    [
     2.0870001316070557,
     0.5142500400543213
    ]
   ]
  },
  "dstate": {
   "tau": 0.0036240064073354006,
   "acc": 0.5235000252723694,
   "steps": 5.912125110626221,
   "gap_vs_persist_pp": 0.0,
   "corr_ans": -0.37387001514434814,
   "decomposition": {
    "early_wrong": 0.024,
    "early_right": 0.004875,
    "budget_right": 0.518625,
    "budget_wrong": 0.4525
   },
   "curve": [
    [
     5.912125110626221,
     0.5235000252723694
    ],
    [
     5.527125358581543,
     0.5231250524520874
    ],
    [
     5.0491251945495605,
     0.5215000510215759
    ],
    [
     4.50837516784668,
     0.5200000405311584
    ],
    [
     3.9841251373291016,
     0.5190000534057617
    ],
    [
     3.505000114440918,
     0.5173750519752502
    ],
    [
     3.0601251125335693,
     0.5158750414848328
    ],
    [
     2.696000099182129,
     0.5142500400543213
    ],
    [
     2.421250104904175,
     0.5133750438690186
    ],
    [
     2.2220001220703125,
     0.512374997138977
    ],
    [
     2.089125156402588,
     0.5125000476837158
    ],
    [
     2.0210001468658447,
     0.5121250152587891
    ],
    [
     1.9405001401901245,
     0.5115000009536743
    ],
    [
     1.5285000801086426,
     0.5080000162124634
    ],
    [
     1.1161251068115234,
     0.5048750042915344
    ]
   ]
  },
  "recon": {
   "tau": 0.7612451314926147,
   "acc": 0.5235000252723694,
   "steps": 5.444250106811523,
   "gap_vs_persist_pp": 0.0,
   "corr_ans": -0.4374391734600067,
   "decomposition": {
    "early_wrong": 0.0,
    "early_right": 0.1115,
    "budget_right": 0.412,
    "budget_wrong": 0.4765
   },
   "curve": [
    [
     5.444250106811523,
     0.5235000252723694
    ],
    [
     4.399750232696533,
     0.5232500433921814
    ],
    [
     3.7405002117156982,
     0.5195000171661377
    ],
    [
     3.1661250591278076,
     0.5181249976158142
    ],
    [
     2.638625144958496,
     0.515250027179718
    ],
    [
     2.179500102996826,
     0.5127500295639038
    ],
    [
     1.8020000457763672,
     0.5101250410079956
    ],
    [
     1.5043751001358032,
     0.5082499980926514
    ],
    [
     1.2778750658035278,
     0.5062500238418579
    ],
    [
     1.133750081062317,
     0.5053750276565552
    ],
    [
     1.0441250801086426,
     0.5048750042915344
    ],
    [
     1.0046250820159912,
     0.5042500495910645
    ],
    [
     1.0012500286102295,
     0.5042500495910645
    ],
    [
     1.0,
     0.5042500495910645
    ],
    [
     1.0,
     0.5042500495910645
    ]
   ]
  }
 },
 "depth_vs_load": {
  "4": 5.968000411987305,
  "8": 5.919839859008789,
  "12": 5.9457831382751465,
  "16": 5.903225421905518,
  "20": 5.896130561828613,
  "24": 5.932376861572266,
  "28": 5.902287006378174,
  "31": 6.0,
  "32": 5.957537651062012,
  "35": 6.0,
  "36": 5.896551609039307,
  "39": 5.909090995788574,
  "40": 5.914096832275391,
  "43": 5.960784435272217,
  "44": 5.925842761993408,
  "47": 5.912280559539795,
  "48": 5.915524959564209,
  "51": 5.915493011474609,
  "52": 5.903302192687988,
  "55": 5.92307710647583,
  "56": 5.879807949066162,
  "59": 5.764045238494873,
  "60": 5.922885417938232,
  "63": 5.873684406280518,
  "64": 5.7918782234191895
 }
}