{
 "seed": 2,
 "persist_acc": 0.6836666464805603,
 "fixed_frontier": [
  [
   0.6558333039283752,
   1.0
  ],
  [
   0.6854999661445618,
   2.0
  ],
  [
   0.6848333477973938,
   3.0
  ],
  [
   0.684166669845581,
   4.0
  ],
  [
   0.6838333010673523,
   5.0
  ],
  [
   0.6836666464805603,
   6.0
  ]
 ],
 "arms": {
  "entropy": {
   "tau": 0.0014592692023143172,
   "acc": 0.6836666464805603,
   "steps": 5.562333106994629,
   "gap_vs_persist_pp": 0.0,
   "corr_ans": -0.8109535574913025,
   "decomposition": {
    "early_wrong": 0.0,
    "early_right": 0.10333333333333333,
    "budget_right": 0.5803333333333334,
    "budget_wrong": 0.31633333333333336
   },
   "curve": [
    [
     5.562333106994629,
     0.6836666464805603
    ],
    [
     4.357666492462158,
     0.6836666464805603
    ],
    [
     3.9166665077209473,
     0.6836666464805603
    ],
    [
     3.675833225250244,
     0.6836666464805603
    ],
    [
     3.5220000743865967,
     0.6836666464805603
    ],
    [
     3.4068334102630615,
     0.6836666464805603
    ],
    [
     3.3313333988189697,
     0.6836666464805603
    ],
    [
     3.2725000381469727,
     0.6836666464805603
    ],
    [
     3.197499990463257,
     0.6836666464805603
    ],
    [
     2.8296666145324707,
     0.6836666464805603
    ],
    [
     1.8801666498184204,
     0.6666666865348816
    ],
    [
     1.1993333101272583,
     0.6576666831970215
    ],
    [
     1.000166654586792,
     0.6558333039283752
    ],
    [
     1.0,
     0.6558333039283752
    ],
    [
     1.0,
     0.6558333039283752
    ]
   ]
  },
  "conv": {
   "tau": 0.03488551825284958,
   "acc": 0.684166669845581,
   "steps": 2.758333206176758,
   "gap_vs_persist_pp": 0.050002336502075195,
   "corr_ans": -0.11732052266597748,
   "decomposition": {
    "early_wrong": 0.31366666666666665,
    "early_right": 0.6696666666666666,
    "budget_right": 0.0145,
    "budget_wrong": 0.0021666666666666666
   },
   "curve": [
    [
     5.91349983215332,
     0.6836666464805603
    ],
    [
     5.522166728973389,
     0.6836666464805603
    ],
    [
     5.136000156402588,
     0.6836666464805603
    ],
    [
     4.860833168029785,
     0.6836666464805603
    ],
    [
     4.6511664390563965,
     0.6836666464805603
    ],
    [
     4.488833427429199,
     0.6836666464805603
    ],
    [
     4.3376665115356445,
     0.6836666464805603
    ],
    [
     4.123000144958496,
     0.6836666464805603
    ],
    [
     3.812000036239624,
     0.6836666464805603
    ],
    [
     3.7139999866485596,
     0.6836666464805603
    ],
    [
     3.437666654586792,
     0.6834999918937683
    ],
    [
     3.0776665210723877,
     0.684333324432373
    ],
    [
     2.758333206176758,
     0.684166669845581
    ],
    [
     2.448499917984009,
     0.684499979019165
    ],
    [
     2.1063332557678223,
     0.6856666803359985
    ]
   ]
  },
  "dstate": {
   "tau": 0.4073082506656647,
   "acc": 0.6854999661445618,
   "steps": 4.4073333740234375,
   "gap_vs_persist_pp": 0.18333196640014648,
   "corr_ans": 0.44373705983161926,
   "decomposition": {
    "early_wrong": 0.3145,
    "early_right": 0.08366666666666667,
    "budget_right": 0.6018333333333333,
    "budget_wrong": 0.0
   },
   "curve": [
    [
     5.559333324432373,
     0.6836666464805603
    ],
    [
     4.4073333740234375,
     0.6854999661445618
    ],
    [
     4.196000099182129,
     0.6821666359901428
    ],
    [
     3.9200000762939453,
     0.6669999957084656
    ],
    [
     3.7154998779296875,
     0.656499981880188
    ],
    [
     3.6078333854675293,
     0.6558333039283752
    ],
    [
     3.2258334159851074,
     0.6558333039283752
    ],
    [
     2.5943334102630615,
     0.6558333039283752
    ],
    [
     2.0464999675750732,
     0.6558333039283752
    ],
    [
     1.4639999866485596,
     0.6558333039283752
    ],
    [
     1.0291666984558105,
     0.6558333039283752
    ],
    [
     1.0,
     0.6558333039283752
    ],
    [
     1.0,
     0.6558333039283752
    ],
    [
     1.0,
     0.6558333039283752
    ],
    [
     1.0,
     0.6558333039283752
    ]
   ]
  },
  "recon": {
   "tau": 1.5499882698059082,
   "acc": 0.6840000152587891,
   "steps": 4.926499843597412,
   "gap_vs_persist_pp": 0.03333687782287598,
   "corr_ans": -0.36456573009490967,
   "decomposition": {
    "early_wrong": 0.31583333333333335,
    "early_right": 0.05633333333333333,
    "budget_right": 0.6276666666666667,
    "budget_wrong": 0.00016666666666666666
   },
   "curve": [
    [
     5.862166404724121,
     0.6840000152587891
    ],
    [
     5.62066650390625,
     0.684499979019165
    ],
    [
     5.32616662979126,
     0.684333324432373
    ],
    [
     4.926499843597412,
     0.6840000152587891
    ],
    [
     3.9164998531341553,
     0.6818333268165588
    ],
    [
     2.8518333435058594,
     0.6794999837875366
    ],
    [
     2.117833375930786,
     0.6776666641235352
    ],
    [
     1.6773333549499512,
     0.6743333339691162
    ],
    [
     1.4598332643508911,
     0.672166645526886
    ],
    [
     1.3179999589920044,
     0.6700000166893005
    ],
    [
     1.215166687965393,
     0.6679999828338623
    ],
    [
     1.1404999494552612,
     0.6643333435058594
    ],
    [
     1.09333336353302,
     0.6623333096504211
    ],
    [
     1.059000015258789,
     0.6603333353996277
    ],
    [
     1.0231666564941406,
     0.6585000157356262
    ]
   ]
  }
 },
 "depth_vs_load": {
  "3": 4.285714149475098,
  "4": 4.67818546295166,
  "6": 4.4347825050354,
  "7": 4.658682823181152,
  "8": 4.777070045471191,
  "9": 3.919999837875366,
  "10": 4.84615421295166,
  "11": 4.807339191436768,
  "12": 4.709677219390869,
  "13": 4.505494594573975,
  "14": 4.950000286102295,
  "15": 4.680412292480469,
  "16": 5.033556938171387,
  "17": 5.01265811920166,
  "18": 4.9347825050354,
  "19": 4.635838031768799,
  "20": 4.680850982666016,
  "21": 4.416243553161621,
  "22": 4.395721912384033,
  "23": 4.383419513702393,
  "24": 4.377358436584473,
  "25": 4.336633682250977,
  "26": 4.325123310089111,
  "27": 4.220095634460449,
  "28": 4.127659320831299,
  "29": 3.9279279708862305,
  "30": 3.931624174118042,
  "31": 4.008368015289307,
  "32": 3.8743960857391357,
  "33": 3.962963104248047,
  "34": 3.540740728378296,
  "35": 3.763779401779175,
  "36": 4.0253167152404785,
  "37": 2.8888888359069824,
  "38": 3.200000047683716
 }
}