{
 "seed": 5,
 "persist_acc": 0.5241250395774841,
 "fixed_frontier": [
  [
   0.5010000467300415,
   1.0
  ],
  [
   0.5101250410079956,
   2.0
  ],
  [
   0.5148749947547913,
   3.0
  ],
  [
   0.5191250443458557,
   4.0
  ],
  [
   0.5225000381469727,
   5.0
  ],
  [
   0.5241250395774841,
   6.0
  ]
 ],
 "arms": {
  "entropy": {
   "tau": 0.003924048505723476,
   "acc": 0.5241250395774841,
   "steps": 5.853375434875488,
   "gap_vs_persist_pp": 0.0,
   "corr_ans": -0.5656948685646057,
   "decomposition": {
    "early_wrong": 0.0,
    "early_right": 0.03025,
    "budget_right": 0.493875,
    "budget_wrong": 0.475875
   },
   "curve": [
    [
     5.853375434875488,
     0.5241250395774841
    ],
    [
     5.428625106811523,
     0.5241250395774841
    ],
    [
     5.0451250076293945,
     0.5241250395774841
    ],
    [
     4.7361249923706055,
     0.5241250395774841
    ],
    [
     4.44212532043457,
     0.5241250395774841
    ],
    [
     4.140250205993652,
     0.5241250395774841
    ],
    [
     3.7723751068115234,
     0.5236250162124634
    ],
    [
     3.397250175476074,
     0.5206249952316284
    ],
    [
     3.0348751544952393,
     0.5163750052452087
    ],
    [
     2.701125144958496,
     0.5128750205039978
    ],
    [
     2.405750036239624,
     0.5093750357627869
    ],
    [
     2.1102499961853027,
     0.5072500109672546
    ],
    [
     1.7760001420974731,
     0.5045000314712524
    ],
    [
     1.439750075340271,
     0.5020000338554382
    ],
    [
     1.0875000953674316,
     0.5011250376701355
    ]
   ]
  },
  "conv": {
   "tau": 0.003133823163807392,
   "acc": 0.5240000486373901,
   "steps": 4.281500339508057,
   "gap_vs_persist_pp": -0.012499094009399414,
   "corr_ans": -0.15783293545246124,
   "decomposition": {
    "early_wrong": 0.046625,
    "early_right": 0.429625,
    "budget_right": 0.094375,
    "budget_wrong": 0.429375
   },
   "curve": [
    [
     5.845625400543213,
     0.5241250395774841
    ],
    [
     5.455750465393066,
     0.5241250395774841
    ],
    [
     5.152500152587891,
     0.5241250395774841
    ],
    [
     4.900750160217285,
     0.5241250395774841
    ],
    [
     4.696125030517578,
     0.5241250395774841
    ],
    [
     4.499875068664551,
     0.5241250395774841
    ],
    [
     4.281500339508057,
     0.5240000486373901
    ],
    [
     4.063374996185303,
     0.5240000486373901
    ],
    [
     3.8481252193450928,
     0.5233750343322754
    ],
    [
     3.6001250743865967,
     0.5230000019073486
    ],
    [
     3.33162522315979,
     0.5223750472068787
    ],
    [
     3.0348751544952393,
     0.5205000042915344
    ],
    [
     2.719625234603882,
     0.518625020980835
    ],
    [
     2.4000000953674316,
     0.5158750414848328
    ],
    [
     2.089750051498413,
     0.5120000243186951
    ]
   ]
  },
  "dstate": {
   "tau": 0.0031746479216963053,
   "acc": 0.5238749980926514,
   "steps": 5.9175004959106445,
   "gap_vs_persist_pp": -0.025004148483276367,
   "corr_ans": -0.38262686133384705,
   "decomposition": {
    "early_wrong": 0.02075,
    "early_right": 0.004875,
    "budget_right": 0.519,
    "budget_wrong": 0.455375
   },
   "curve": [
    [
     5.9175004959106445,
     0.5238749980926514
    ],
    [
     5.509000301361084,
     0.5230000019073486
    ],
    [
     5.068000316619873,
     0.5227500200271606
    ],
    [
     4.596250057220459,
     0.5216250419616699
    ],
    [
     4.070125102996826,
     0.5195000171661377
    ],
    [
     3.570500135421753,
     0.5163750052452087
    ],
    [
     3.1196250915527344,
     0.51500004529953
    ],
    [
     2.768125057220459,
     0.5136250257492065
    ],
    [
     2.4926252365112305,
     0.5127500295639038
    ],
    [
     2.2965002059936523,
     0.5116250514984131
    ],
    [
     2.1478750705718994,
     0.5107499957084656
    ],
    [
     2.0497500896453857,
     0.5105000138282776
    ],
    [
     1.9438750743865967,
     0.5098749995231628
    ],
    [
     1.5191251039505005,
     0.5072500109672546
    ],
    [
     1.120500087738037,
     0.5016250014305115
    ]
   ]
  },
  "recon": {
   "tau": 0.7631675601005554,
   "acc": 0.5241250395774841,
   "steps": 5.42887544631958,
   "gap_vs_persist_pp": 0.0,
   "corr_ans": -0.42996272444725037,
   "decomposition": {
    "early_wrong": 0.0,
    "early_right": 0.114625,
    "budget_right": 0.4095,
    "budget_wrong": 0.475875
   },
   "curve": [
    [
     5.42887544631958,
     0.5241250395774841
    ],
    [
     4.288249969482422,
     0.5236250162124634
    ],
    [
     3.6630001068115234,
     0.5206249952316284
    ],
    [
     3.102250099182129,
     0.5177500247955322
    ],
    [
     2.608750104904175,
     0.515250027179718
    ],
    [
     2.1957499980926514,
     0.5111250281333923
    ],
    [
     1.8367500305175781,
     0.5083750486373901
    ],
    [
     1.5407500267028809,
     0.5057500004768372
    ],
    [
     1.2962501049041748,
     0.5041249990463257
    ],
    [
     1.1248750686645508,
     0.5023750066757202
    ],
    [
     1.0260000228881836,
     0.5013750195503235
    ],
    [
     1.0031250715255737,
     0.5010000467300415
    ],
    [
     1.0006250143051147,
     0.5010000467300415
    ],
    [
     1.0001250505447388,
     0.5010000467300415
    ],
    [
     1.0,
     0.5010000467300415
    ]
   ]
  }
 },
 "depth_vs_load": {
  "4": 5.9659318923950195,
  "8": 5.949799060821533,
  "12": 5.939637660980225,
  "16": 5.953535556793213,
  "20": 5.906122207641602,
  "24": 5.893224239349365,
  "28": 5.916840076446533,
  "31": 6.0,
  "32": 5.885106086730957,
  "35": 6.0,
  "36": 5.9419355392456055,
  "39": 5.900000095367432,
  "40": 5.9520697593688965,
  "43": 5.895833492279053,
  "44": 5.908888816833496,
  "47": 5.843137264251709,
  "48": 5.862612724304199,
  "51": 5.931034564971924,
  "52": 5.9267730712890625,
  "55": 5.940298557281494,
  "56": 5.899532318115234,
  "59": 5.939023971557617,
  "60": 5.866828441619873,
  "63": 5.8854169845581055,
  "64": 5.8947367668151855
 }
}