{
 "seed": 0,
 "persist_acc": 0.41216665506362915,
 "fixed_frontier": [
  [
   0.3218333423137665,
   1.0
  ],
  [
   0.4025000035762787,
   2.0
  ],
  [
   0.4178333282470703,
   3.0
  ],
  [
   0.414000004529953,
   4.0
  ],
  [
   0.4126666486263275,
   5.0
  ],
  [
   0.41216665506362915,
   6.0
  ]
 ],
 "arms": {
  "entropy": {
   "tau": 0.006941811181604862,
   "acc": 0.3946666717529297,
   "steps": 5.392499923706055,
   "gap_vs_persist_pp": -1.7499983310699463,
   "corr_ans": -0.5108803510665894,
   "decomposition": {
    "early_wrong": 0.06883333333333333,
    "early_right": 0.052833333333333336,
    "budget_right": 0.3418333333333333,
    "budget_wrong": 0.5365
   },
   "curve": [
    [
     5.392499923706055,
     0.3946666717529297
    ],
    [
     3.617166519165039,
     0.3356666564941406
    ],
    [
     2.9606666564941406,
     0.3216666579246521
    ],
    [
     2.7101666927337646,
     0.3173333406448364
    ],
    [
     2.6661665439605713,
     0.31700000166893005
    ],
    [
     2.640333414077759,
     0.31700000166893005
    ],
    [
     2.614500045776367,
     0.3161666691303253
    ],
    [
     2.5908331871032715,
     0.31700000166893005
    ],
    [
     2.549499988555908,
     0.31700000166893005
    ],
    [
     2.4608333110809326,
     0.31833332777023315
    ],
    [
     2.244999885559082,
     0.3226666748523712
    ],
    [
     1.6410000324249268,
     0.3254999816417694
    ],
    [
     1.0709999799728394,
     0.32249999046325684
    ],
    [
     1.00083327293396,
     0.3218333423137665
    ],
    [
     1.0,
     0.3218333423137665
    ]
   ]
  },
  "conv": {
   "tau": 3.2699837684631348,
   "acc": 0.4165000021457672,
   "steps": 2.44433331489563,
   "gap_vs_persist_pp": 0.43333470821380615,
   "corr_ans": 0.2957221567630768,
   "decomposition": {
    "early_wrong": 0.5833333333333334,
    "early_right": 0.4165,
    "budget_right": 0.0,
    "budget_wrong": 0.00016666666666666666
   },
   "curve": [
    [
     5.904333114624023,
     0.41216665506362915
    ],
    [
     5.741833209991455,
     0.4116666615009308
    ],
    [
     5.54283332824707,
     0.4115000069141388
    ],
    [
     5.296666622161865,
     0.4116666615009308
    ],
    [
     5.0264997482299805,
     0.41216665506362915
    ],
    [
     4.77133321762085,
     0.4128333330154419
    ],
    [
     4.546333312988281,
     0.4124999940395355
    ],
    [
     4.3125,
     0.41333332657814026
    ],
    [
     4.072499752044678,
     0.4138333201408386
    ],
    [
     3.802999973297119,
     0.41366666555404663
    ],
    [
     3.4713332653045654,
     0.41333332657814026
    ],
    [
     3.114833354949951,
     0.4129999876022339
    ],
    [
     2.7820000648498535,
     0.41633331775665283
    ],
    [
     2.44433331489563,
     0.4165000021457672
    ],
    [
     2.0999999046325684,
     0.41200000047683716
    ]
   ]
  },
  "dstate": {
   "tau": 0.9199970364570618,
   "acc": 0.40700000524520874,
   "steps": 2.2766666412353516,
   "gap_vs_persist_pp": -0.516664981842041,
   "corr_ans": 0.207262322306633,
   "decomposition": {
    "early_wrong": 0.592,
    "early_right": 0.4068333333333333,
    "budget_right": 0.00016666666666666666,
    "budget_wrong": 0.001
   },
   "curve": [
    [
     5.999833106994629,
     0.41216665506362915
    ],
    [
     5.953999996185303,
     0.4124999940395355
    ],
    [
     5.799666404724121,
     0.41216665506362915
    ],
    [
     5.5316667556762695,
     0.4118333160877228
    ],
    [
     5.140999794006348,
     0.41349998116493225
    ],
    [
     4.750666618347168,
     0.4128333330154419
    ],
    [
     4.360000133514404,
     0.41316667199134827
    ],
    [
     3.9819998741149902,
     0.41449999809265137
    ],
    [
     3.5771665573120117,
     0.414000004529953
    ],
    [
     3.180500030517578,
     0.414166659116745
    ],
    [
     2.7338333129882812,
     0.4165000021457672
    ],
    [
     2.2766666412353516,
     0.40700000524520874
    ],
    [
     1.8566666841506958,
     0.3865000009536743
    ],
    [
     1.44350004196167,
     0.3618333339691162
    ],
    [
     1.0844999551773071,
     0.3336666524410248
    ]
   ]
  },
  "recon": {
   "tau": 0.1780514270067215,
   "acc": 0.39783331751823425,
   "steps": 5.410833358764648,
   "gap_vs_persist_pp": -1.4333337545394897,
   "corr_ans": -0.4326278567314148,
   "decomposition": {
    "early_wrong": 0.05433333333333333,
    "early_right": 0.0635,
    "budget_right": 0.3343333333333333,
    "budget_wrong": 0.5478333333333333
   },
   "curve": [
    [
     5.410833358764648,
     0.39783331751823425
    ],
    [
     3.8910000324249268,
     0.3466666638851166
    ],
    [
     3.122499942779541,
     0.32633334398269653
    ],
    [
     2.6605000495910645,
     0.3186666667461395
    ],
    [
     1.8991667032241821,
     0.32083332538604736
    ],
    [
     1.2408332824707031,
     0.3231666684150696
    ],
    [
     1.0833333730697632,
     0.32233333587646484
    ],
    [
     1.0233333110809326,
     0.32199999690055847
    ],
    [
     1.0083333253860474,
     0.3218333423137665
    ],
    [
     1.0016666650772095,
     0.3218333423137665
    ],
    [
     1.0,
     0.3218333423137665
    ],
    [
     1.0,
     0.3218333423137665
    ],
    [
     1.0,
     0.3218333423137665
    ],
    [
     1.0,
     0.3218333423137665
    ],
    [
     1.0,
     0.3218333423137665
    ]
   ]
  }
 },
 "depth_vs_K": {
  "1": 2.5008740425109863,
  "2": 3.0857486724853516,
  "3": 3.038135528564453
 }
}