{
 "seed": 1,
 "persist_acc": 0.6853333115577698,
 "fixed_frontier": [
  [
   0.6610000133514404,
   1.0
  ],
  [
   0.6859999895095825,
   2.0
  ],
  [
   0.6851666569709778,
   3.0
  ],
  [
   0.6858333349227905,
   4.0
  ],
  [
   0.6854999661445618,
   5.0
  ],
  [
   0.6853333115577698,
   6.0
  ]
 ],
 "arms": {
  "entropy": {
   "tau": 0.0015175320440903306,
   "acc": 0.6853333115577698,
   "steps": 5.5291666984558105,
   "gap_vs_persist_pp": 0.0,
   "corr_ans": -0.8113296627998352,
   "decomposition": {
    "early_wrong": 0.0,
    "early_right": 0.10533333333333333,
    "budget_right": 0.58,
    "budget_wrong": 0.31466666666666665
   },
   "curve": [
    [
     5.5291666984558105,
     0.6853333115577698
    ],
    [
     4.375166416168213,
     0.6853333115577698
    ],
    [
     3.925166606903076,
     0.6853333115577698
    ],
    [
     3.6489999294281006,
     0.6853333115577698
    ],
    [
     3.493499994277954,
     0.6853333115577698
    ],
    [
     3.4049999713897705,
     0.6853333115577698
    ],
    [
     3.3396666049957275,
     0.6853333115577698
    ],
    [
     3.2881665229797363,
     0.6853333115577698
    ],
    [
     3.186833381652832,
     0.6853333115577698
    ],
    [
     2.872999906539917,
     0.6853333115577698
    ],
    [
     2.005500078201294,
     0.6713333129882812
    ],
    [
     1.2031666040420532,
     0.6618333458900452
    ],
    [
     1.0011667013168335,
     0.6610000133514404
    ],
    [
     1.0,
     0.6610000133514404
    ],
    [
     1.0,
     0.6610000133514404
    ]
   ]
  },
  "conv": {
   "tau": 0.033466484397649765,
   "acc": 0.6850000023841858,
   "steps": 2.739833354949951,
   "gap_vs_persist_pp": -0.03333091735839844,
   "corr_ans": -0.13023865222930908,
   "decomposition": {
    "early_wrong": 0.31233333333333335,
    "early_right": 0.6706666666666666,
    "budget_right": 0.014333333333333333,
    "budget_wrong": 0.0026666666666666666
   },
   "curve": [
    [
     5.915500164031982,
     0.6853333115577698
    ],
    [
     5.555666446685791,
     0.6853333115577698
    ],
    [
     5.222166538238525,
     0.6853333115577698
    ],
    [
     4.937333106994629,
     0.6853333115577698
    ],
    [
     4.708666801452637,
     0.6853333115577698
    ],
    [
     4.533666610717773,
     0.6853333115577698
    ],
    [
     4.36733341217041,
     0.6853333115577698
    ],
    [
     4.127500057220459,
     0.6853333115577698
    ],
    [
     3.811166524887085,
     0.6853333115577698
    ],
    [
     3.7043333053588867,
     0.6853333115577698
    ],
    [
     3.453000068664551,
     0.6854999661445618
    ],
    [
     3.0781667232513428,
     0.6854999661445618
    ],
    [
     2.739833354949951,
     0.6850000023841858
    ],
    [
     2.4491665363311768,
     0.6856666803359985
    ],
    [
     2.1013333797454834,
     0.6865000128746033
    ]
   ]
  },
  "dstate": {
   "tau": 0.4086610674858093,
   "acc": 0.6859999895095825,
   "steps": 4.416666507720947,
   "gap_vs_persist_pp": 0.06666779518127441,
   "corr_ans": 0.4548858106136322,
   "decomposition": {
    "early_wrong": 0.314,
    "early_right": 0.08183333333333333,
    "budget_right": 0.6041666666666666,
    "budget_wrong": 0.0
   },
   "curve": [
    [
     5.502666473388672,
     0.6859999895095825
    ],
    [
     4.416666507720947,
     0.6859999895095825
    ],
    [
     4.221166610717773,
     0.6823333501815796
    ],
    [
     3.9566667079925537,
     0.6698333024978638
    ],
    [
     3.762666702270508,
     0.6611666679382324
    ],
    [
     3.6738333702087402,
     0.6610000133514404
    ],
    [
     3.246666669845581,
     0.6610000133514404
    ],
    [
     2.5828332901000977,
     0.6610000133514404
    ],
    [
     2.054333209991455,
     0.6610000133514404
    ],
    [
     1.4541666507720947,
     0.6610000133514404
    ],
    [
     1.0091665983200073,
     0.6610000133514404
    ],
    [
     1.0,
     0.6610000133514404
    ],
    [
     1.0,
     0.6610000133514404
    ],
    [
     1.0,
     0.6610000133514404
    ],
    [
     1.0,
     0.6610000133514404
    ]
   ]
  },
  "recon": {
   "tau": 1.6310584545135498,
   "acc": 0.6848333477973938,
   "steps": 4.749833106994629,
   "gap_vs_persist_pp": -0.049996376037597656,
   "corr_ans": -0.3920574188232422,
   "decomposition": {
    "early_wrong": 0.31483333333333335,
    "early_right": 0.08983333333333333,
    "budget_right": 0.595,
    "budget_wrong": 0.0003333333333333333
   },
   "curve": [
    [
     5.847833156585693,
     0.6851666569709778
    ],
    [
     5.615166664123535,
     0.684666633605957
    ],
    [
     5.302000045776367,
     0.684499979019165
    ],
    [
     4.749833106994629,
     0.6848333477973938
    ],
    [
     3.694833278656006,
     0.6828333139419556
    ],
    [
     2.628333330154419,
     0.6803333163261414
    ],
    [
     1.9243333339691162,
     0.6788333058357239
    ],
    [
     1.6303333044052124,
     0.6761666536331177
    ],
    [
     1.4529999494552612,
     0.6729999780654907
    ],
    [
     1.3293333053588867,
     0.67166668176651
    ],
    [
     1.2323333024978638,
     0.6698333024978638
    ],
    [
     1.1486666202545166,
     0.6675000190734863
    ],
    [
     1.087833285331726,
     0.6654999852180481
    ],
    [
     1.0443333387374878,
     0.6629999876022339
    ],
    [
     1.0160000324249268,
     0.6618333458900452
    ]
   ]
  }
 },
 "depth_vs_load": {
  "3": 4.829267978668213,
  "4": 4.8296942710876465,
  "7": 4.625766754150391,
  "8": 5.071207523345947,
  "9": 5.142857551574707,
  "10": 4.680412292480469,
  "11": 4.790244102478027,
  "12": 4.831683158874512,
  "13": 4.61904764175415,
  "14": 4.740740776062012,
  "15": 4.787233829498291,
  "16": 4.643678188323975,
  "17": 4.880000114440918,
  "18": 4.745098114013672,
  "19": 4.8021392822265625,
  "20": 4.63225793838501,
  "21": 4.55102014541626,
  "22": 4.57446813583374,
  "23": 4.378947734832764,
  "24": 4.319999694824219,
  "25": 4.149532794952393,
  "26": 4.243902206420898,
  "27": 3.961905002593994,
  "28": 4.16740083694458,
  "29": 4.0269060134887695,
  "30": 3.878260612487793,
  "31": 4.066115379333496,
  "32": 4.017094135284424,
  "33": 3.6687116622924805,
  "34": 3.6888890266418457,
  "35": 3.709677219390869,
  "36": 3.6103897094726562,
  "37": 3.7142856121063232
 }
}