{
 "seed": 8,
 "persist_acc": 0.4326666593551636,
 "fixed_frontier": [
  [
   0.3336666524410248,
   1.0
  ],
  [
   0.4243333339691162,
   2.0
  ],
  [
   0.43433332443237305,
   3.0
  ],
  [
   0.43199998140335083,
   4.0
  ],
  [
   0.43316665291786194,
   5.0
  ],
  [
   0.4326666593551636,
   6.0
  ]
 ],
 "arms": {
  "entropy": {
   "tau": 0.006905590649694204,
   "acc": 0.4111666679382324,
   "steps": 5.373166561126709,
   "gap_vs_persist_pp": -2.1499991416931152,
   "corr_ans": -0.5348302721977234,
   "decomposition": {
    "early_wrong": 0.06633333333333333,
    "early_right": 0.059166666666666666,
    "budget_right": 0.352,
    "budget_wrong": 0.5225
   },
   "curve": [
    [
     5.373166561126709,
     0.4111666679382324
    ],
    [
     3.5483334064483643,
     0.3453333377838135
    ],
    [
     2.8536665439605713,
     0.328166663646698
    ],
    [
     2.629166603088379,
     0.3258333206176758
    ],
    [
     2.5776665210723877,
     0.3254999816417694
    ],
    [
     2.5496666431427,
     0.32600000500679016
    ],
    [
     2.5244998931884766,
     0.32616665959358215
    ],
    [
     2.497833251953125,
     0.32616665959358215
    ],
    [
     2.4560000896453857,
     0.3256666660308838
    ],
    [
     2.385499954223633,
     0.3269999921321869
    ],
    [
     2.1121666431427,
     0.32899999618530273
    ],
    [
     1.3988332748413086,
     0.33383333683013916
    ],
    [
     1.0199999809265137,
     0.33383333683013916
    ],
    [
     1.0,
     0.3336666524410248
    ],
    [
     1.0,
     0.3336666524410248
    ]
   ]
  },
  "conv": {
   "tau": 3.236278772354126,
   "acc": 0.4388333261013031,
   "steps": 2.4531667232513428,
   "gap_vs_persist_pp": 0.6166666746139526,
   "corr_ans": 0.29761990904808044,
   "decomposition": {
    "early_wrong": 0.5611666666666667,
    "early_right": 0.43883333333333335,
    "budget_right": 0.0,
    "budget_wrong": 0.0
   },
   "curve": [
    [
     5.874833106994629,
     0.4326666593551636
    ],
    [
     5.727333068847656,
     0.43283331394195557
    ],
    [
     5.5338335037231445,
     0.43299999833106995
    ],
    [
     5.2873334884643555,
     0.43316665291786194
    ],
    [
     5.029999732971191,
     0.43283331394195557
    ],
    [
     4.7808332443237305,
     0.4325000047683716
    ],
    [
     4.539499759674072,
     0.4325000047683716
    ],
    [
     4.309666633605957,
     0.43183332681655884
    ],
    [
     4.059999942779541,
     0.43183332681655884
    ],
    [
     3.7739999294281006,
     0.4321666657924652
    ],
    [
     3.4649999141693115,
     0.4309999942779541
    ],
    [
     3.123333215713501,
     0.43416666984558105
    ],
    [
     2.80483341217041,
     0.4361666738986969
    ],
    [
     2.4531667232513428,
     0.4388333261013031
    ],
    [
     2.0958333015441895,
     0.4313333332538605
    ]
   ]
  },
  "dstate": {
   "tau": 0.697048544883728,
   "acc": 0.4375,
   "steps": 2.7613332271575928,
   "gap_vs_persist_pp": 0.4833340644836426,
   "corr_ans": 0.2120506316423416,
   "decomposition": {
    "early_wrong": 0.5606666666666666,
    "early_right": 0.43433333333333335,
    "budget_right": 0.0031666666666666666,
    "budget_wrong": 0.0018333333333333333
   },
   "curve": [
    [
     5.99566650390625,
     0.4326666593551636
    ],
    [
     5.86299991607666,
     0.4326666593551636
    ],
    [
     5.6566667556762695,
     0.4338333308696747
    ],
    [
     5.436333179473877,
     0.4334999918937683
    ],
    [
     5.112666606903076,
     0.4333333373069763
    ],
    [
     4.734499931335449,
     0.4334999918937683
    ],
    [
     4.358833312988281,
     0.43166667222976685
    ],
    [
     3.988333225250244,
     0.4326666593551636
    ],
    [
     3.5759999752044678,
     0.4325000047683716
    ],
    [
     3.186166524887085,
     0.4346666634082794
    ],
    [
     2.7613332271575928,
     0.4375
    ],
    [
     2.322166681289673,
     0.4346666634082794
    ],
    [
     1.875,
     0.4098333418369293
    ],
    [
     1.4329999685287476,
     0.3773333430290222
    ],
    [
     1.0896666049957275,
     0.3478333353996277
    ]
   ]
  },
  "recon": {
   "tau": 0.18121013045310974,
   "acc": 0.4179999828338623,
   "steps": 5.386833190917969,
   "gap_vs_persist_pp": -1.466667652130127,
   "corr_ans": -0.4424021542072296,
   "decomposition": {
    "early_wrong": 0.05216666666666667,
    "early_right": 0.0705,
    "budget_right": 0.3475,
    "budget_wrong": 0.5298333333333334
   },
   "curve": [
    [
     5.386833190917969,
     0.4179999828338623
    ],
    [
     3.8401665687561035,
     0.3591666519641876
    ],
    [
     3.0828332901000977,
     0.3334999978542328
    ],
    [
     2.615499973297119,
     0.328000009059906
    ],
    [
     1.8523333072662354,
     0.32899999618530273
    ],
    [
     1.2203333377838135,
     0.3334999978542328
    ],
    [
     1.0358333587646484,
     0.3334999978542328
    ],
    [
     1.0125000476837158,
     0.3334999978542328
    ],
    [
     1.0016666650772095,
     0.3336666524410248
    ],
    [
     1.0,
     0.3336666524410248
    ],
    [
     1.0,
     0.3336666524410248
    ],
    [
     1.0,
     0.3336666524410248
    ],
    [
     1.0,
     0.3336666524410248
    ],
    [
     1.0,
     0.3336666524410248
    ],
    [
     1.0,
     0.3336666524410248
    ]
   ]
  }
 },
 "depth_vs_K": {
  "1": 2.744680881500244,
  "2": 3.4791667461395264,
  "3": 3.5375001430511475
 }
}