{
 "seed": 2,
 "persist_acc": 0.4088333249092102,
 "fixed_frontier": [
  [
   0.32850000262260437,
   1.0
  ],
  [
   0.40533334016799927,
   2.0
  ],
  [
   0.4124999940395355,
   3.0
  ],
  [
   0.4098333418369293,
   4.0
  ],
  [
   0.40966665744781494,
   5.0
  ],
  [
   0.4088333249092102,
   6.0
  ]
 ],
 "arms": {
  "entropy": {
   "tau": 0.0068103112280368805,
   "acc": 0.38850000500679016,
   "steps": 5.376999855041504,
   "gap_vs_persist_pp": -2.0333319902420044,
   "corr_ans": -0.5356079339981079,
   "decomposition": {
    "early_wrong": 0.06966666666666667,
    "early_right": 0.055,
    "budget_right": 0.3335,
    "budget_wrong": 0.5418333333333333
   },
   "curve": [
    [
     5.376999855041504,
     0.38850000500679016
    ],
    [
     3.677500009536743,
     0.3383333384990692
    ],
    [
     3.001833200454712,
     0.3226666748523712
    ],
    [
     2.745333194732666,
     0.320166677236557
    ],
    [
     2.691166639328003,
     0.320333331823349
    ],
    [
     2.6644999980926514,
     0.320499986410141
    ],
    [
     2.634999990463257,
     0.3215000033378601
    ],
    [
     2.6039998531341553,
     0.32199999690055847
    ],
    [
     2.560333251953125,
     0.3218333423137665
    ],
    [
     2.4783332347869873,
     0.32233333587646484
    ],
    [
     2.23799991607666,
     0.32600000500679016
    ],
    [
     1.6511666774749756,
     0.3293333351612091
    ],
    [
     1.0885000228881836,
     0.32766667008399963
    ],
    [
     1.0019999742507935,
     0.32833331823349
    ],
    [
     1.0,
     0.32850000262260437
    ]
   ]
  },
  "conv": {
   "tau": 3.766385078430176,
   "acc": 0.4205000102519989,
   "steps": 2.438166618347168,
   "gap_vs_persist_pp": 1.1666685342788696,
   "corr_ans": 0.31357595324516296,
   "decomposition": {
    "early_wrong": 0.5795,
    "early_right": 0.4205,
    "budget_right": 0.0,
    "budget_wrong": 0.0
   },
   "curve": [
    [
     5.908499717712402,
     0.4090000092983246
    ],
    [
     5.753833293914795,
     0.4090000092983246
    ],
    [
     5.540666580200195,
     0.40849998593330383
    ],
    [
     5.288833141326904,
     0.40799999237060547
    ],
    [
     5.032833099365234,
     0.4098333418369293
    ],
    [
     4.76966667175293,
     0.40966665744781494
    ],
    [
     4.5298333168029785,
     0.4098333418369293
    ],
    [
     4.297333240509033,
     0.40966665744781494
    ],
    [
     4.068999767303467,
     0.40833333134651184
    ],
    [
     3.7946665287017822,
     0.4088333249092102
    ],
    [
     3.4700000286102295,
     0.40966665744781494
    ],
    [
     3.128333330154419,
     0.414000004529953
    ],
    [
     2.7698333263397217,
     0.41850000619888306
    ],
    [
     2.438166618347168,
     0.4205000102519989
    ],
    [
     2.1031665802001953,
     0.41233333945274353
    ]
   ]
  },
  "dstate": {
   "tau": 0.7056810855865479,
   "acc": 0.4203333258628845,
   "steps": 2.7126667499542236,
   "gap_vs_persist_pp": 1.1500000953674316,
   "corr_ans": 0.21879717707633972,
   "decomposition": {
    "early_wrong": 0.5771666666666667,
    "early_right": 0.4165,
    "budget_right": 0.003833333333333333,
    "budget_wrong": 0.0025
   },
   "curve": [
    [
     5.999166488647461,
     0.4088333249092102
    ],
    [
     5.936666488647461,
     0.4090000092983246
    ],
    [
     5.789333343505859,
     0.40816667675971985
    ],
    [
     5.5338335037231445,
     0.4088333249092102
    ],
    [
     5.124666690826416,
     0.4091666638851166
    ],
    [
     4.746833324432373,
     0.40950000286102295
    ],
    [
     4.3495001792907715,
     0.40933331847190857
    ],
    [
     3.9654998779296875,
     0.4101666510105133
    ],
    [
     3.5786666870117188,
     0.4101666510105133
    ],
    [
     3.1688332557678223,
     0.4154999852180481
    ],
    [
     2.7126667499542236,
     0.4203333258628845
    ],
    [
     2.2661666870117188,
     0.41483333706855774
    ],
    [
     1.846666693687439,
     0.3891666531562805
    ],
    [
     1.4490000009536743,
     0.3669999837875366
    ],
    [
     1.0786666870117188,
     0.336166650056839
    ]
   ]
  },
  "recon": {
   "tau": 0.17731520533561707,
   "acc": 0.3930000066757202,
   "steps": 5.385833263397217,
   "gap_vs_persist_pp": -1.583331823348999,
   "corr_ans": -0.4463335871696472,
   "decomposition": {
    "early_wrong": 0.05483333333333333,
    "early_right": 0.068,
    "budget_right": 0.325,
    "budget_wrong": 0.5521666666666667
   },
   "curve": [
    [
     5.385833263397217,
     0.3930000066757202
    ],
    [
     3.8864998817443848,
     0.34333333373069763
    ],
    [
     3.181333303451538,
     0.3254999816417694
    ],
    [
     2.7281665802001953,
     0.32249999046325684
    ],
    [
     1.8331665992736816,
     0.3251666724681854
    ],
    [
     1.1618332862854004,
     0.32850000262260437
    ],
    [
     1.0635000467300415,
     0.32866665720939636
    ],
    [
     1.0154999494552612,
     0.32850000262260437
    ],
    [
     1.0,
     0.32850000262260437
    ],
    [
     1.0,
     0.32850000262260437
    ],
    [
     1.0,
     0.32850000262260437
    ],
    [
     1.0,
     0.32850000262260437
    ],
    [
     1.0,
     0.32850000262260437
    ],
    [
     1.0,
     0.32850000262260437
    ],
    [
     1.0,
     0.32850000262260437
    ]
   ]
  }
 },
 "depth_vs_K": {
  "1": 2.8385417461395264,
  "2": 3.468592882156372,
  "3": 3.578058958053589
 }
}