{
 "seed": 7,
 "persist_acc": 0.6823333501815796,
 "fixed_frontier": [
  [
   0.656499981880188,
   1.0
  ],
  [
   0.6826666593551636,
   2.0
  ],
  [
   0.6840000152587891,
   3.0
  ],
  [
   0.684166669845581,
   4.0
  ],
  [
   0.6833333373069763,
   5.0
  ],
  [
   0.6823333501815796,
   6.0
  ]
 ],
 "arms": {
  "entropy": {
   "tau": 0.0012952223187312484,
   "acc": 0.6823333501815796,
   "steps": 5.541500091552734,
   "gap_vs_persist_pp": 0.0,
   "corr_ans": -0.8205459713935852,
   "decomposition": {
    "early_wrong": 0.0,
    "early_right": 0.1055,
    "budget_right": 0.5768333333333333,
    "budget_wrong": 0.31766666666666665
   },
   "curve": [
    [
     5.541500091552734,
     0.6823333501815796
    ],
    [
     4.309499740600586,
     0.6823333501815796
    ],
    [
     3.8526666164398193,
     0.6823333501815796
    ],
    [
     3.627833366394043,
     0.6823333501815796
    ],
    [
     3.495166540145874,
     0.6823333501815796
    ],
    [
     3.3973333835601807,
     0.6823333501815796
    ],
    [
     3.318166732788086,
     0.6823333501815796
    ],
    [
     3.2643332481384277,
     0.6823333501815796
    ],
    [
     3.2070000171661377,
     0.6823333501815796
    ],
    [
     2.87583327293396,
     0.6823333501815796
    ],
    [
     2.051333427429199,
     0.6656666398048401
    ],
    [
     1.18149995803833,
     0.6585000157356262
    ],
    [
     1.000166654586792,
     0.656499981880188
    ],
    [
     1.0,
     0.656499981880188
    ],
    [
     1.0,
     0.656499981880188
    ]
   ]
  },
  "conv": {
   "tau": 0.8130978345870972,
   "acc": 0.6826666593551636,
   "steps": 2.0945000648498535,
   "gap_vs_persist_pp": 0.03333091735839844,
   "corr_ans": -0.13303600251674652,
   "decomposition": {
    "early_wrong": 0.31733333333333336,
    "early_right": 0.6826666666666666,
    "budget_right": 0.0,
    "budget_wrong": 0.0
   },
   "curve": [
    [
     5.889333248138428,
     0.6823333501815796
    ],
    [
     5.496833324432373,
     0.6823333501815796
    ],
    [
     5.120500087738037,
     0.6823333501815796
    ],
    [
     4.817833423614502,
     0.6823333501815796
    ],
    [
     4.61133337020874,
     0.6823333501815796
    ],
    [
     4.482166767120361,
     0.6823333501815796
    ],
    [
     4.364166736602783,
     0.6823333501815796
    ],
    [
     4.142499923706055,
     0.6823333501815796
    ],
    [
     3.8278331756591797,
     0.6823333501815796
    ],
    [
     3.7186665534973145,
     0.6823333501815796
    ],
    [
     3.4623332023620605,
     0.6821666359901428
    ],
    [
     3.110499858856201,
     0.6829999685287476
    ],
    [
     2.749500036239624,
     0.684166669845581
    ],
    [
     2.443333387374878,
     0.684166669845581
    ],
    [
     2.0945000648498535,
     0.6826666593551636
    ]
   ]
  },
  "dstate": {
   "tau": 0.4736279547214508,
   "acc": 0.6826666593551636,
   "steps": 4.38266658782959,
   "gap_vs_persist_pp": 0.03333091735839844,
   "corr_ans": 0.4525087773799896,
   "decomposition": {
    "early_wrong": 0.31733333333333336,
    "early_right": 0.087,
    "budget_right": 0.5956666666666667,
    "budget_wrong": 0.0
   },
   "curve": [
    [
     5.491333484649658,
     0.6815000176429749
    ],
    [
     4.38266658782959,
     0.6826666593551636
    ],
    [
     4.149499893188477,
     0.6778333187103271
    ],
    [
     3.808333396911621,
     0.6585000157356262
    ],
    [
     3.61299991607666,
     0.656499981880188
    ],
    [
     3.4736666679382324,
     0.656499981880188
    ],
    [
     3.180833339691162,
     0.656499981880188
    ],
    [
     2.560833215713501,
     0.656499981880188
    ],
    [
     2.0186667442321777,
     0.656499981880188
    ],
    [
     1.4259999990463257,
     0.656499981880188
    ],
    [
     1.0099999904632568,
     0.656499981880188
    ],
    [
     1.0,
     0.656499981880188
    ],
    [
     1.0,
     0.656499981880188
    ],
    [
     1.0,
     0.656499981880188
    ],
    [
     1.0,
     0.656499981880188
    ]
   ]
  },
  "recon": {
   "tau": 1.3921819925308228,
   "acc": 0.6821666359901428,
   "steps": 5.646500110626221,
   "gap_vs_persist_pp": -0.016671419143676758,
   "corr_ans": -0.391905814409256,
   "decomposition": {
    "early_wrong": 0.17116666666666666,
    "early_right": 0.019833333333333335,
    "budget_right": 0.6623333333333333,
    "budget_wrong": 0.14666666666666667
   },
   "curve": [
    [
     5.884999752044678,
     0.6819999814033508
    ],
    [
     5.646500110626221,
     0.6821666359901428
    ],
    [
     5.335999965667725,
     0.6831666827201843
    ],
    [
     4.918499946594238,
     0.6834999918937683
    ],
    [
     4.080666542053223,
     0.6815000176429749
    ],
    [
     2.8348333835601807,
     0.6788333058357239
    ],
    [
     2.114500045776367,
     0.6756666302680969
    ],
    [
     1.7424999475479126,
     0.6741666793823242
    ],
    [
     1.5149999856948853,
     0.671833336353302
    ],
    [
     1.343666672706604,
     0.6685000061988831
    ],
    [
     1.2293332815170288,
     0.6653333306312561
    ],
    [
     1.1381666660308838,
     0.6624999642372131
    ],
    [
     1.0864999294281006,
     0.6611666679382324
    ],
    [
     1.0511666536331177,
     0.6599999666213989
    ],
    [
     1.0169999599456787,
     0.6583333015441895
    ]
   ]
  }
 },
 "depth_vs_load": {
  "3": 4.933333396911621,
  "4": 4.77876091003418,
  "6": 4.967741966247559,
  "7": 4.857142925262451,
  "8": 4.8814592361450195,
  "9": 4.533333778381348,
  "10": 5.096774101257324,
  "11": 4.809756278991699,
  "12": 4.6666669845581055,
  "13": 4.77647066116333,
  "14": 4.582857131958008,
  "15": 4.899470806121826,
  "16": 4.701298713684082,
  "17": 4.880000114440918,
  "18": 4.706467628479004,
  "19": 4.706586837768555,
  "20": 4.617021083831787,
  "21": 4.631016254425049,
  "22": 4.342541694641113,
  "23": 4.307692527770996,
  "24": 4.4347825050354,
  "25": 4.293577671051025,
  "26": 4.138613700866699,
  "27": 4.2330098152160645,
  "28": 4.053097248077393,
  "29": 3.813333511352539,
  "30": 4.035398006439209,
  "31": 3.729257583618164,
  "32": 3.8122446537017822,
  "33": 3.7172775268554688,
  "34": 3.615384578704834,
  "35": 3.435114622116089,
  "36": 3.526315927505493,
  "37": 3.454545497894287
 }
}