{
 "seed": 6,
 "persist_acc": 0.41733333468437195,
 "fixed_frontier": [
  [
   0.3278333246707916,
   1.0
  ],
  [
   0.40799999237060547,
   2.0
  ],
  [
   0.4206666648387909,
   3.0
  ],
  [
   0.414000004529953,
   4.0
  ],
  [
   0.41600000858306885,
   5.0
  ],
  [
   0.41733333468437195,
   6.0
  ]
 ],
 "arms": {
  "entropy": {
   "tau": 0.006933072581887245,
   "acc": 0.40033331513404846,
   "steps": 5.454333305358887,
   "gap_vs_persist_pp": -1.7000019550323486,
   "corr_ans": -0.5213773250579834,
   "decomposition": {
    "early_wrong": 0.06366666666666666,
    "early_right": 0.0455,
    "budget_right": 0.35483333333333333,
    "budget_wrong": 0.536
   },
   "curve": [
    [
     5.454333305358887,
     0.40033331513404846
    ],
    [
     3.572499990463257,
     0.3421666622161865
    ],
    [
     2.9061665534973145,
     0.32633334398269653
    ],
    [
     2.679499864578247,
     0.32233333587646484
    ],
    [
     2.6388332843780518,
     0.32216665148735046
    ],
    [
     2.613333225250244,
     0.32199999690055847
    ],
    [
     2.5878334045410156,
     0.32249999046325684
    ],
    [
     2.564333200454712,
     0.32249999046325684
    ],
    [
     2.5281665325164795,
     0.3233333230018616
    ],
    [
     2.448166608810425,
     0.3240000009536743
    ],
    [
     2.196166753768921,
     0.32733333110809326
    ],
    [
     1.5758333206176758,
     0.33016666769981384
    ],
    [
     1.094666600227356,
     0.32833331823349
    ],
    [
     1.00083327293396,
     0.3278333246707916
    ],
    [
     1.0,
     0.3278333246707916
    ]
   ]
  },
  "conv": {
   "tau": 3.1960108280181885,
   "acc": 0.42116665840148926,
   "steps": 2.4606666564941406,
   "gap_vs_persist_pp": 0.38333237171173096,
   "corr_ans": 0.30572932958602905,
   "decomposition": {
    "early_wrong": 0.5788333333333333,
    "early_right": 0.4211666666666667,
    "budget_right": 0.0,
    "budget_wrong": 0.0
   },
   "curve": [
    [
     5.9001665115356445,
     0.41733333468437195
    ],
    [
     5.75600004196167,
     0.41716665029525757
    ],
    [
     5.538333415985107,
     0.4169999957084656
    ],
    [
     5.260499954223633,
     0.4168333411216736
    ],
    [
     5.013166427612305,
     0.4166666567325592
    ],
    [
     4.761666774749756,
     0.4169999957084656
    ],
    [
     4.508333206176758,
     0.4165000021457672
    ],
    [
     4.282166481018066,
     0.4154999852180481
    ],
    [
     4.053166389465332,
     0.41449999809265137
    ],
    [
     3.7679998874664307,
     0.41466665267944336
    ],
    [
     3.4783332347869873,
     0.4154999852180481
    ],
    [
     3.1394999027252197,
     0.41616666316986084
    ],
    [
     2.801500082015991,
     0.42133334279060364
    ],
    [
     2.4606666564941406,
     0.42116665840148926
    ],
    [
     2.109833240509033,
     0.421833336353302
    ]
   ]
  },
  "dstate": {
   "tau": 0.6959816813468933,
   "acc": 0.41850000619888306,
   "steps": 2.757999897003174,
   "gap_vs_persist_pp": 0.11666715145111084,
   "corr_ans": 0.20784790813922882,
   "decomposition": {
    "early_wrong": 0.5788333333333333,
    "early_right": 0.41383333333333333,
    "budget_right": 0.004666666666666667,
    "budget_wrong": 0.0026666666666666666
   },
   "curve": [
    [
     5.998833179473877,
     0.41733333468437195
    ],
    [
     5.947333335876465,
     0.41716665029525757
    ],
    [
     5.796833038330078,
     0.4169999957084656
    ],
    [
     5.505000114440918,
     0.4168333411216736
    ],
    [
     5.119500160217285,
     0.41483333706855774
    ],
    [
     4.751999855041504,
     0.41483333706855774
    ],
    [
     4.365333080291748,
     0.4151666760444641
    ],
    [
     3.9693331718444824,
     0.41483333706855774
    ],
    [
     3.5881667137145996,
     0.4165000021457672
    ],
    [
     3.187166690826416,
     0.41866666078567505
    ],
    [
     2.757999897003174,
     0.41850000619888306
    ],
    [
     2.325166702270508,
     0.41216665506362915
    ],
    [
     1.8866666555404663,
     0.3903333246707916
    ],
    [
     1.465666651725769,
     0.36550000309944153
    ],
    [
     1.0853333473205566,
     0.33766666054725647
    ]
   ]
  },
  "recon": {
   "tau": 0.17551448941230774,
   "acc": 0.398666650056839,
   "steps": 5.365166664123535,
   "gap_vs_persist_pp": -1.866668462753296,
   "corr_ans": -0.438003271818161,
   "decomposition": {
    "early_wrong": 0.059833333333333336,
    "early_right": 0.06716666666666667,
    "budget_right": 0.3315,
    "budget_wrong": 0.5415
   },
   "curve": [
    [
     5.365166664123535,
     0.398666650056839
    ],
    [
     3.7846665382385254,
     0.3501666486263275
    ],
    [
     3.058833360671997,
     0.3278333246707916
    ],
    [
     2.5308332443237305,
     0.3243333399295807
    ],
    [
     1.6606667041778564,
     0.32766667008399963
    ],
    [
     1.1425000429153442,
     0.32833331823349
    ],
    [
     1.062333345413208,
     0.328000009059906
    ],
    [
     1.0303332805633545,
     0.3278333246707916
    ],
    [
     1.0088332891464233,
     0.3278333246707916
    ],
    [
     1.0013333559036255,
     0.3278333246707916
    ],
    [
     1.0,
     0.3278333246707916
    ],
    [
     1.0,
     0.3278333246707916
    ],
    [
     1.0,
     0.3278333246707916
    ],
    [
     1.0,
     0.3278333246707916
    ],
    [
     1.0,
     0.3278333246707916
    ]
   ]
  }
 },
 "depth_vs_K": {
  "1": 2.7652463912963867,
  "2": 3.50060772895813,
  "3": 3.537280797958374
 }
}