{
 "seed": 5,
 "persist_acc": 0.6859999895095825,
 "fixed_frontier": [
  [
   0.6610000133514404,
   1.0
  ],
  [
   0.6861666440963745,
   2.0
  ],
  [
   0.687999963760376,
   3.0
  ],
  [
   0.6884999871253967,
   4.0
  ],
  [
   0.687333345413208,
   5.0
  ],
  [
   0.6859999895095825,
   6.0
  ]
 ],
 "arms": {
  "entropy": {
   "tau": 0.0014910516329109669,
   "acc": 0.6859999895095825,
   "steps": 5.496333122253418,
   "gap_vs_persist_pp": 0.0,
   "corr_ans": -0.8123965859413147,
   "decomposition": {
    "early_wrong": 0.0,
    "early_right": 0.11666666666666667,
    "budget_right": 0.5693333333333334,
    "budget_wrong": 0.314
   },
   "curve": [
    [
     5.496333122253418,
     0.6859999895095825
    ],
    [
     4.563666820526123,
     0.6859999895095825
    ],
    [
     4.096833229064941,
     0.6859999895095825
    ],
    [
     3.7684998512268066,
     0.6859999895095825
    ],
    [
     3.5956666469573975,
     0.6859999895095825
    ],
    [
     3.4836666584014893,
     0.6859999895095825
    ],
    [
     3.3984999656677246,
     0.6859999895095825
    ],
    [
     3.3289999961853027,
     0.6859999895095825
    ],
    [
     3.197499990463257,
     0.6859999895095825
    ],
    [
     2.8445000648498535,
     0.6859999895095825
    ],
    [
     1.9181666374206543,
     0.6696666479110718
    ],
    [
     1.1719999313354492,
     0.6610000133514404
    ],
    [
     1.000333309173584,
     0.6611666679382324
    ],
    [
     1.0,
     0.6610000133514404
    ],
    [
     1.0,
     0.6610000133514404
    ]
   ]
  },
  "conv": {
   "tau": 0.1694469451904297,
   "acc": 0.687999963760376,
   "steps": 2.4570000171661377,
   "gap_vs_persist_pp": 0.1999974250793457,
   "corr_ans": -0.138761967420578,
   "decomposition": {
    "early_wrong": 0.312,
    "early_right": 0.687,
    "budget_right": 0.001,
    "budget_wrong": 0.0
   },
   "curve": [
    [
     5.943666458129883,
     0.6859999895095825
    ],
    [
     5.643666744232178,
     0.6859999895095825
    ],
    [
     5.330999851226807,
     0.6859999895095825
    ],
    [
     5.059999942779541,
     0.6859999895095825
    ],
    [
     4.822333335876465,
     0.6859999895095825
    ],
    [
     4.624666690826416,
     0.6859999895095825
    ],
    [
     4.419166564941406,
     0.6859999895095825
    ],
    [
     4.13866662979126,
     0.6859999895095825
    ],
    [
     3.812999963760376,
     0.6859999895095825
    ],
    [
     3.7086665630340576,
     0.6859999895095825
    ],
    [
     3.4661667346954346,
     0.6861666440963745
    ],
    [
     3.120333194732666,
     0.6875
    ],
    [
     2.7826666831970215,
     0.687666654586792
    ],
    [
     2.4570000171661377,
     0.687999963760376
    ],
    [
     2.11299991607666,
     0.6861666440963745
    ]
   ]
  },
  "dstate": {
   "tau": 0.425312876701355,
   "acc": 0.6861666440963745,
   "steps": 4.427333354949951,
   "gap_vs_persist_pp": 0.01666545867919922,
   "corr_ans": 0.44663092494010925,
   "decomposition": {
    "early_wrong": 0.31383333333333335,
    "early_right": 0.07933333333333334,
    "budget_right": 0.6068333333333333,
    "budget_wrong": 0.0
   },
   "curve": [
    [
     5.564000129699707,
     0.6853333115577698
    ],
    [
     4.427333354949951,
     0.6861666440963745
    ],
    [
     4.217499732971191,
     0.684166669845581
    ],
    [
     3.9798333644866943,
     0.6726666688919067
    ],
    [
     3.7063333988189697,
     0.6611666679382324
    ],
    [
     3.559499979019165,
     0.6610000133514404
    ],
    [
     3.2274999618530273,
     0.6610000133514404
    ],
    [
     2.610166549682617,
     0.6610000133514404
    ],
    [
     2.0910000801086426,
     0.6610000133514404
    ],
    [
     1.5086666345596313,
     0.6610000133514404
    ],
    [
     1.0391666889190674,
     0.6610000133514404
    ],
    [
     1.0,
     0.6610000133514404
    ],
    [
     1.0,
     0.6610000133514404
    ],
    [
     1.0,
     0.6610000133514404
    ],
    [
     1.0,
     0.6610000133514404
    ]
   ]
  },
  "recon": {
   "tau": 1.5394128561019897,
   "acc": 0.6859999895095825,
   "steps": 5.4651665687561035,
   "gap_vs_persist_pp": 0.0,
   "corr_ans": -0.37311726808547974,
   "decomposition": {
    "early_wrong": 0.1505,
    "early_right": 0.03883333333333333,
    "budget_right": 0.6471666666666667,
    "budget_wrong": 0.1635
   },
   "curve": [
    [
     5.770333290100098,
     0.6863332986831665
    ],
    [
     5.4651665687561035,
     0.6859999895095825
    ],
    [
     5.228833198547363,
     0.6863332986831665
    ],
    [
     4.887499809265137,
     0.6869999766349792
    ],
    [
     4.306833267211914,
     0.6858333349227905
    ],
    [
     3.492666721343994,
     0.6833333373069763
    ],
    [
     2.7808332443237305,
     0.6815000176429749
    ],
    [
     2.172166585922241,
     0.6800000071525574
    ],
    [
     1.716333270072937,
     0.6778333187103271
    ],
    [
     1.440666675567627,
     0.6735000014305115
    ],
    [
     1.2723332643508911,
     0.6701666712760925
    ],
    [
     1.1699999570846558,
     0.668999969959259
    ],
    [
     1.1100000143051147,
     0.6658333539962769
    ],
    [
     1.065833330154419,
     0.6639999747276306
    ],
    [
     1.0168333053588867,
     0.6618333458900452
    ]
   ]
  }
 },
 "depth_vs_load": {
  "3": 4.6315789222717285,
  "4": 4.891774654388428,
  "6": 4.823529243469238,
  "7": 4.8085103034973145,
  "8": 4.687116622924805,
  "10": 4.653846263885498,
  "11": 4.8598127365112305,
  "12": 4.702127456665039,
  "13": 4.6666669845581055,
  "14": 5.005917072296143,
  "15": 4.734694004058838,
  "16": 4.7672953605651855,
  "17": 4.556962013244629,
  "18": 4.502923965454102,
  "19": 4.920634746551514,
  "20": 4.873563289642334,
  "21": 4.7379679679870605,
  "22": 4.8223347663879395,
  "23": 4.471909999847412,
  "24": 4.641509532928467,
  "25": 4.341969013214111,
  "26": 4.293333530426025,
  "27": 4.20095682144165,
  "28": 3.8803420066833496,
  "29": 4.218340873718262,
  "30": 3.925311326980591,
  "31": 3.805309772491455,
  "32": 3.659388780593872,
  "33": 3.617021083831787,
  "34": 3.767441749572754,
  "35": 3.5533981323242188,
  "36": 3.6615383625030518,
  "37": 3.9166667461395264,
  "38": 3.1666667461395264
 }
}