{
 "seed": 3,
 "persist_acc": 0.6836666464805603,
 "fixed_frontier": [
  [
   0.6651666760444641,
   1.0
  ],
  [
   0.6865000128746033,
   2.0
  ],
  [
   0.6861666440963745,
   3.0
  ],
  [
   0.684333324432373,
   4.0
  ],
  [
   0.6838333010673523,
   5.0
  ],
  [
   0.6836666464805603,
   6.0
  ]
 ],
 "arms": {
  "entropy": {
   "tau": 0.0015779646346345544,
   "acc": 0.6836666464805603,
   "steps": 5.605999946594238,
   "gap_vs_persist_pp": 0.0,
   "corr_ans": -0.8202682137489319,
   "decomposition": {
    "early_wrong": 0.0,
    "early_right": 0.09366666666666666,
    "budget_right": 0.59,
    "budget_wrong": 0.31633333333333336
   },
   "curve": [
    [
     5.605999946594238,
     0.6836666464805603
    ],
    [
     4.5273332595825195,
     0.6836666464805603
    ],
    [
     4.0251665115356445,
     0.6836666464805603
    ],
    [
     3.7293334007263184,
     0.6836666464805603
    ],
    [
     3.551499843597412,
     0.6836666464805603
    ],
    [
     3.440666675567627,
     0.6836666464805603
    ],
    [
     3.3559999465942383,
     0.6836666464805603
    ],
    [
     3.2793333530426025,
     0.6836666464805603
    ],
    [
     3.186833381652832,
     0.6836666464805603
    ],
    [
     2.8429999351501465,
     0.6838333010673523
    ],
    [
     1.9904999732971191,
     0.6711666584014893
    ],
    [
     1.256666660308838,
     0.6654999852180481
    ],
    [
     1.006333351135254,
     0.6651666760444641
    ],
    [
     1.0,
     0.6651666760444641
    ],
    [
     1.0,
     0.6651666760444641
    ]
   ]
  },
  "conv": {
   "tau": 0.03321792930364609,
   "acc": 0.6848333477973938,
   "steps": 2.742500066757202,
   "gap_vs_persist_pp": 0.11667013168334961,
   "corr_ans": -0.12145636230707169,
   "decomposition": {
    "early_wrong": 0.311,
    "early_right": 0.6686666666666666,
    "budget_right": 0.016166666666666666,
    "budget_wrong": 0.004166666666666667
   },
   "curve": [
    [
     5.860166549682617,
     0.6836666464805603
    ],
    [
     5.454333305358887,
     0.6836666464805603
    ],
    [
     5.126999855041504,
     0.6836666464805603
    ],
    [
     4.878999710083008,
     0.6836666464805603
    ],
    [
     4.690000057220459,
     0.6836666464805603
    ],
    [
     4.545499801635742,
     0.6836666464805603
    ],
    [
     4.368166446685791,
     0.6836666464805603
    ],
    [
     4.10966682434082,
     0.6836666464805603
    ],
    [
     3.7931666374206543,
     0.6836666464805603
    ],
    [
     3.690000057220459,
     0.6836666464805603
    ],
    [
     3.428833246231079,
     0.6836666464805603
    ],
    [
     3.0769999027252197,
     0.684166669845581
    ],
    [
     2.742500066757202,
     0.6848333477973938
    ],
    [
     2.440166711807251,
     0.6861666440963745
    ],
    [
     2.0923333168029785,
     0.6865000128746033
    ]
   ]
  },
  "dstate": {
   "tau": 0.3815115988254547,
   "acc": 0.6863332986831665,
   "steps": 4.479833126068115,
   "gap_vs_persist_pp": 0.2666652202606201,
   "corr_ans": 0.44939154386520386,
   "decomposition": {
    "early_wrong": 0.3135,
    "early_right": 0.06666666666666667,
    "budget_right": 0.6196666666666667,
    "budget_wrong": 0.00016666666666666666
   },
   "curve": [
    [
     5.5226664543151855,
     0.6856666803359985
    ],
    [
     4.479833126068115,
     0.6863332986831665
    ],
    [
     4.291666507720947,
     0.6865000128746033
    ],
    [
     4.050666809082031,
     0.6784999966621399
    ],
    [
     3.7958333492279053,
     0.6663333177566528
    ],
    [
     3.689333200454712,
     0.6651666760444641
    ],
    [
     3.2674999237060547,
     0.6651666760444641
    ],
    [
     2.634333372116089,
     0.6651666760444641
    ],
    [
     2.0396666526794434,
     0.6651666760444641
    ],
    [
     1.4514999389648438,
     0.6651666760444641
    ],
    [
     1.0269999504089355,
     0.6651666760444641
    ],
    [
     1.0,
     0.6651666760444641
    ],
    [
     1.0,
     0.6651666760444641
    ],
    [
     1.0,
     0.6651666760444641
    ],
    [
     1.0,
     0.6651666760444641
    ]
   ]
  },
  "recon": {
   "tau": 1.6523185968399048,
   "acc": 0.6821666359901428,
   "steps": 5.621500015258789,
   "gap_vs_persist_pp": -0.15000104904174805,
   "corr_ans": -0.36863094568252563,
   "decomposition": {
    "early_wrong": 0.0365,
    "early_right": 0.050333333333333334,
    "budget_right": 0.6318333333333334,
    "budget_wrong": 0.2813333333333333
   },
   "curve": [
    [
     5.621500015258789,
     0.6821666359901428
    ],
    [
     4.429166793823242,
     0.6816666722297668
    ],
    [
     3.7024998664855957,
     0.6808333396911621
    ],
    [
     3.122499942779541,
     0.6804999709129333
    ],
    [
     2.574666738510132,
     0.6790000200271606
    ],
    [
     2.1506667137145996,
     0.6778333187103271
    ],
    [
     1.8211666345596313,
     0.6775000095367432
    ],
    [
     1.6178332567214966,
     0.6759999990463257
    ],
    [
     1.4578332901000977,
     0.6744999885559082
    ],
    [
     1.3181666135787964,
     0.6733333468437195
    ],
    [
     1.2296667098999023,
     0.6713333129882812
    ],
    [
     1.1763333082199097,
     0.6706666350364685
    ],
    [
     1.1165000200271606,
     0.6694999933242798
    ],
    [
     1.0570000410079956,
     0.6676666736602783
    ],
    [
     1.0163333415985107,
     0.6658333539962769
    ]
   ]
  }
 },
 "depth_vs_load": {
  "3": 4.486486434936523,
  "4": 4.681128025054932,
  "6": 4.833333492279053,
  "7": 4.845637798309326,
  "8": 4.6181817054748535,
  "10": 4.804123401641846,
  "11": 4.864864826202393,
  "12": 4.909090995788574,
  "13": 5.0107526779174805,
  "14": 4.7845306396484375,
  "15": 4.950819492340088,
  "16": 4.78125,
  "17": 4.829931735992432,
  "18": 4.76616907119751,
  "19": 4.651933670043945,
  "20": 4.752941131591797,
  "21": 4.743455410003662,
  "22": 4.673796653747559,
  "23": 4.563107013702393,
  "24": 4.487046718597412,
  "25": 4.564593315124512,
  "26": 4.418604850769043,
  "27": 4.158995628356934,
  "28": 4.333333492279053,
  "29": 4.147186279296875,
  "30": 3.956709861755371,
  "31": 3.9138753414154053,
  "32": 3.999999761581421,
  "33": 3.767326593399048,
  "34": 3.6258063316345215,
  "35": 3.862595319747925,
  "36": 3.8500001430511475,
  "37": 4.243902206420898
 }
}