{
 "seed": 7,
 "persist_acc": 0.4039999842643738,
 "fixed_frontier": [
  [
   0.3153333365917206,
   1.0
  ],
  [
   0.39233332872390747,
   2.0
  ],
  [
   0.40566664934158325,
   3.0
  ],
  [
   0.40549999475479126,
   4.0
  ],
  [
   0.406166672706604,
   5.0
  ],
  [
   0.4039999842643738,
   6.0
  ]
 ],
 "arms": {
  "entropy": {
   "tau": 0.006611363030970097,
   "acc": 0.38099998235702515,
   "steps": 5.396833419799805,
   "gap_vs_persist_pp": -2.3000001907348633,
   "corr_ans": -0.5215045213699341,
   "decomposition": {
    "early_wrong": 0.07,
    "early_right": 0.050666666666666665,
    "budget_right": 0.3303333333333333,
    "budget_wrong": 0.549
   },
   "curve": [
    [
     5.396833419799805,
     0.38099998235702515
    ],
    [
     3.627166509628296,
     0.32116666436195374
    ],
    [
     2.986666679382324,
     0.30516666173934937
    ],
    [
     2.7674999237060547,
     0.30416667461395264
    ],
    [
     2.7316665649414062,
     0.30433332920074463
    ],
    [
     2.697999954223633,
     0.30433332920074463
    ],
    [
     2.6586666107177734,
     0.304833322763443
    ],
    [
     2.623499870300293,
     0.30533331632614136
    ],
    [
     2.5769999027252197,
     0.3058333396911621
    ],
    [
     2.4670000076293945,
     0.3083333373069763
    ],
    [
     2.0818333625793457,
     0.31433331966400146
    ],
    [
     1.2601666450500488,
     0.31599998474121094
    ],
    [
     1.0054999589920044,
     0.3153333365917206
    ],
    [
     1.0,
     0.3153333365917206
    ],
    [
     1.0,
     0.3153333365917206
    ]
   ]
  },
  "conv": {
   "tau": 1.0256496667861938,
   "acc": 0.40816667675971985,
   "steps": 2.7981667518615723,
   "gap_vs_persist_pp": 0.41666924953460693,
   "corr_ans": 0.305463045835495,
   "decomposition": {
    "early_wrong": 0.5918333333333333,
    "early_right": 0.4081666666666667,
    "budget_right": 0.0,
    "budget_wrong": 0.0
   },
   "curve": [
    [
     5.932499885559082,
     0.4039999842643738
    ],
    [
     5.790999889373779,
     0.40450000762939453
    ],
    [
     5.564833164215088,
     0.40433332324028015
    ],
    [
     5.297500133514404,
     0.4051666557788849
    ],
    [
     4.996999740600586,
     0.40549999475479126
    ],
    [
     4.737166404724121,
     0.40549999475479126
    ],
    [
     4.51200008392334,
     0.40549999475479126
    ],
    [
     4.27400016784668,
     0.40549999475479126
    ],
    [
     4.059499740600586,
     0.4036666750907898
    ],
    [
     3.7963333129882812,
     0.4034999907016754
    ],
    [
     3.4728333950042725,
     0.4038333296775818
    ],
    [
     3.1473333835601807,
     0.40533334016799927
    ],
    [
     2.7981667518615723,
     0.40816667675971985
    ],
    [
     2.4583332538604736,
     0.4103333353996277
    ],
    [
     2.1001665592193604,
     0.4021666646003723
    ]
   ]
  },
  "dstate": {
   "tau": 0.7125353813171387,
   "acc": 0.4116666615009308,
   "steps": 2.7141666412353516,
   "gap_vs_persist_pp": 0.7666677236557007,
   "corr_ans": 0.21061736345291138,
   "decomposition": {
    "early_wrong": 0.5878333333333333,
    "early_right": 0.41,
    "budget_right": 0.0016666666666666668,
    "budget_wrong": 0.0005
   },
   "curve": [
    [
     6.0,
     0.4039999842643738
    ],
    [
     5.916333198547363,
     0.4038333296775818
    ],
    [
     5.75600004196167,
     0.4033333361148834
    ],
    [
     5.5291666984558105,
     0.4039999842643738
    ],
    [
     5.150333404541016,
     0.4046666622161865
    ],
    [
     4.740499973297119,
     0.40450000762939453
    ],
    [
     4.3458333015441895,
     0.40416666865348816
    ],
    [
     3.9701666831970215,
     0.4046666622161865
    ],
    [
     3.565333366394043,
     0.4036666750907898
    ],
    [
     3.1683332920074463,
     0.40549999475479126
    ],
    [
     2.7141666412353516,
     0.4116666615009308
    ],
    [
     2.302166700363159,
     0.4115000069141388
    ],
    [
     1.8611665964126587,
     0.3889999985694885
    ],
    [
     1.4501667022705078,
     0.35766667127609253
    ],
    [
     1.087999939918518,
     0.3241666555404663
    ]
   ]
  },
  "recon": {
   "tau": 0.17127536237239838,
   "acc": 0.38749998807907104,
   "steps": 5.418333053588867,
   "gap_vs_persist_pp": -1.6499996185302734,
   "corr_ans": -0.43316182494163513,
   "decomposition": {
    "early_wrong": 0.057166666666666664,
    "early_right": 0.059166666666666666,
    "budget_right": 0.3283333333333333,
    "budget_wrong": 0.5553333333333333
   },
   "curve": [
    [
     5.418333053588867,
     0.38749998807907104
    ],
    [
     3.869999885559082,
     0.328000009059906
    ],
    [
     3.1643333435058594,
     0.3070000112056732
    ],
    [
     2.7135000228881836,
     0.3070000112056732
    ],
    [
     2.009333372116089,
     0.31166666746139526
    ],
    [
     1.3921666145324707,
     0.3149999976158142
    ],
    [
     1.181333303451538,
     0.3153333365917206
    ],
    [
     1.087999939918518,
     0.31583333015441895
    ],
    [
     1.0268332958221436,
     0.3154999911785126
    ],
    [
     1.003666639328003,
     0.3153333365917206
    ],
    [
     1.0,
     0.3153333365917206
    ],
    [
     1.0,
     0.3153333365917206
    ],
    [
     1.0,
     0.3153333365917206
    ],
    [
     1.0,
     0.3153333365917206
    ],
    [
     1.0,
     0.3153333365917206
    ]
   ]
  }
 },
 "depth_vs_K": {
  "1": 2.71581768989563,
  "2": 3.475961685180664,
  "3": 3.5507900714874268
 }
}