{
 "seed": 0,
 "persist_acc": 0.5193750262260437,
 "fixed_frontier": [
  [
   0.5003750324249268,
   1.0
  ],
  [
   0.5083750486373901,
   2.0
  ],
  [
   0.5133750438690186,
   3.0
  ],
  [
   0.5166250467300415,
   4.0
  ],
  [
   0.518875002861023,
   5.0
  ],
  [
   0.5193750262260437,
   6.0
  ]
 ],
 "arms": {
  "entropy": {
   "tau": 0.004354565870016813,
   "acc": 0.5193750262260437,
   "steps": 5.854000091552734,
   "gap_vs_persist_pp": 0.0,
   "corr_ans": -0.5492477416992188,
   "decomposition": {
    "early_wrong": 0.0,
    "early_right": 0.0305,
    "budget_right": 0.488875,
    "budget_wrong": 0.480625
   },
   "curve": [
    [
     5.854000091552734,
     0.5193750262260437
    ],
    [
     5.422500133514404,
     0.5193750262260437
    ],
    [
     5.069250106811523,
     0.5193750262260437
    ],
    [
     4.769500255584717,
     0.5193750262260437
    ],
    [
     4.488375186920166,
     0.5193750262260437
    ],
    [
     4.179375171661377,
     0.5193750262260437
    ],
    [
     3.814000129699707,
     0.5192500352859497
    ],
    [
     3.43137526512146,
     0.5161250233650208
    ],
    [
     3.046250104904175,
     0.5131250023841858
    ],
    [
     2.73187518119812,
     0.5103750228881836
    ],
    [
     2.432500123977661,
     0.5073750019073486
    ],
    [
     2.1291251182556152,
     0.5049999952316284
    ],
    [
     1.8012501001358032,
     0.5037500262260437
    ],
    [
     1.4596251249313354,
     0.5018750429153442
    ],
    [
     1.1132500171661377,
     0.5006250143051147
    ]
   ]
  },
  "conv": {
   "tau": 1.2285973980397102e-06,
   "acc": 0.5193750262260437,
   "steps": 5.826625347137451,
   "gap_vs_persist_pp": 0.0,
   "corr_ans": -0.13996867835521698,
   "decomposition": {
    "early_wrong": 0.0,
    "early_right": 0.0465,
    "budget_right": 0.472875,
    "budget_wrong": 0.480625
   },
   "curve": [
    [
     5.826625347137451,
     0.5193750262260437
    ],
    [
     5.415875434875488,
     0.5193750262260437
    ],
    [
     5.131875038146973,
     0.5193750262260437
    ],
    [
     4.919750213623047,
     0.5193750262260437
    ],
    [
     4.725250244140625,
     0.5193750262260437
    ],
    [
     4.530250072479248,
     0.5193750262260437
    ],
    [
     4.305875301361084,
     0.5192500352859497
    ],
    [
     4.081750392913818,
     0.5193750262260437
    ],
    [
     3.8777501583099365,
     0.5195000171661377
    ],
    [
     3.6515002250671387,
     0.5196250081062317
    ],
    [
     3.376500129699707,
     0.518750011920929
    ],
    [
     3.062375068664551,
     0.5181249976158142
    ],
    [
     2.7280001640319824,
     0.515375018119812
    ],
    [
     2.387625217437744,
     0.5132500529289246
    ],
    [
     2.075500011444092,
     0.5098749995231628
    ]
   ]
  },
  "dstate": {
   "tau": 0.0030265648383647203,
   "acc": 0.5193750262260437,
   "steps": 5.916375160217285,
   "gap_vs_persist_pp": 0.0,
   "corr_ans": -0.3534931540489197,
   "decomposition": {
    "early_wrong": 0.024875,
    "early_right": 0.004,
    "budget_right": 0.515375,
    "budget_wrong": 0.45575
   },
   "curve": [
    [
     5.916375160217285,
     0.5193750262260437
    ],
    [
     5.5511250495910645,
     0.5190000534057617
    ],
    [
     5.096875190734863,
     0.5181249976158142
    ],
    [
     4.616875171661377,
     0.5166250467300415
    ],
    [
     4.136875152587891,
     0.51500004529953
    ],
    [
     3.718250274658203,
     0.5141250491142273
    ],
    [
     3.3193752765655518,
     0.5133750438690186
    ],
    [
     2.9416251182556152,
     0.5121250152587891
    ],
    [
     2.634500026702881,
     0.5115000009536743
    ],
    [
     2.376500129699707,
     0.5106250047683716
    ],
    [
     2.1867501735687256,
     0.5092500448226929
    ],
    [
     2.0702500343322754,
     0.5090000033378601
    ],
    [
     1.9443750381469727,
     0.5078750252723694
    ],
    [
     1.5232501029968262,
     0.5042500495910645
    ],
    [
     1.111625075340271,
     0.5008749961853027
    ]
   ]
  },
  "recon": {
   "tau": 0.7590615153312683,
   "acc": 0.5193750262260437,
   "steps": 5.422000408172607,
   "gap_vs_persist_pp": 0.0,
   "corr_ans": -0.4325847029685974,
   "decomposition": {
    "early_wrong": 0.0,
    "early_right": 0.116,
    "budget_right": 0.403375,
    "budget_wrong": 0.480625
   },
   "curve": [
    [
     5.422000408172607,
     0.5193750262260437
    ],
    [
     4.4261250495910645,
     0.5192500352859497
    ],
    [
     3.748500108718872,
     0.5163750052452087
    ],
    [
     3.18387508392334,
     0.5145000219345093
    ],
    [
     2.657125234603882,
     0.5113750100135803
    ],
    [
     2.2191250324249268,
     0.5091250538825989
    ],
    [
     1.8402501344680786,
     0.5073750019073486
    ],
    [
     1.5338751077651978,
     0.5057500004768372
    ],
    [
     1.3160001039505005,
     0.5038750171661377
    ],
    [
     1.1482501029968262,
     0.5022500157356262
    ],
    [
     1.0481250286102295,
     0.5007500052452087
    ],
    [
     1.005500078201294,
     0.5003750324249268
    ],
    [
     1.0002501010894775,
     0.5003750324249268
    ],
    [
     1.0,
     0.5003750324249268
    ],
    [
     1.0,
     0.5003750324249268
    ]
   ]
  }
 },
 "depth_vs_load": {
  "4": 5.994000434875488,
  "8": 5.979878902435303,
  "12": 5.9471540451049805,
  "16": 5.879097938537598,
  "20": 5.946392059326172,
  "24": 5.950103759765625,
  "27": 6.0,
  "28": 5.945720195770264,
  "31": 6.0,
  "32": 5.941052436828613,
  "35": 5.965517044067383,
  "36": 5.938429355621338,
  "39": 5.885714530944824,
  "40": 5.918279647827148,
  "43": 6.0,
  "44": 5.9021735191345215,
  "47": 5.940000057220459,
  "48": 5.888641834259033,
  "51": 6.0,
  "52": 5.852941513061523,
  "55": 5.873239517211914,
  "56": 5.838407039642334,
  "59": 5.790123462677002,
  "60": 5.893719673156738,
  "63": 5.73118257522583,
  "64": 5.839999675750732
 }
}