{
 "seed": 4,
 "persist_acc": 0.5218750238418579,
 "fixed_frontier": [
  [
   0.5017500519752502,
   1.0
  ],
  [
   0.5087500214576721,
   2.0
  ],
  [
   0.5139999985694885,
   3.0
  ],
  [
   0.518250048160553,
   4.0
  ],
  [
   0.5205000042915344,
   5.0
  ],
  [
   0.5218750238418579,
   6.0
  ]
 ],
 "arms": {
  "entropy": {
   "tau": 0.004081165883690119,
   "acc": 0.5218750238418579,
   "steps": 5.860250473022461,
   "gap_vs_persist_pp": 0.0,
   "corr_ans": -0.5750817656517029,
   "decomposition": {
    "early_wrong": 0.0,
    "early_right": 0.02875,
    "budget_right": 0.493125,
    "budget_wrong": 0.478125
   },
   "curve": [
    [
     5.860250473022461,
     0.5218750238418579
    ],
    [
     5.472625255584717,
     0.5218750238418579
    ],
    [
     5.094125270843506,
     0.5218750238418579
    ],
    [
     4.763000011444092,
     0.5218750238418579
    ],
    [
     4.480000019073486,
     0.5218750238418579
    ],
    [
     4.1882500648498535,
     0.5218750238418579
    ],
    [
     3.80637526512146,
     0.5213750004768372
    ],
    [
     3.4025001525878906,
     0.5171250104904175
    ],
    [
     3.0108752250671387,
     0.5131250023841858
    ],
    [
     2.6725001335144043,
     0.5092500448226929
    ],
    [
     2.390500068664551,
     0.5063750147819519
    ],
    [
     2.0965001583099365,
     0.5043750405311584
    ],
    [
     1.7972500324249268,
     0.5035000443458557
    ],
    [
     1.477500081062317,
     0.5023750066757202
    ],
    [
     1.1057500839233398,
     0.5017500519752502
    ]
   ]
  },
  "conv": {
   "tau": 1.1158811048517236e-06,
   "acc": 0.5218750238418579,
   "steps": 5.846875190734863,
   "gap_vs_persist_pp": 0.0,
   "corr_ans": -0.1674235612154007,
   "decomposition": {
    "early_wrong": 0.0,
    "early_right": 0.0415,
    "budget_right": 0.480375,
    "budget_wrong": 0.478125
   },
   "curve": [
    [
     5.846875190734863,
     0.5218750238418579
    ],
    [
     5.465250492095947,
     0.5218750238418579
    ],
    [
     5.162750244140625,
     0.5218750238418579
    ],
    [
     4.919750213623047,
     0.5218750238418579
    ],
    [
     4.71512508392334,
     0.5218750238418579
    ],
    [
     4.522000312805176,
     0.5218750238418579
    ],
    [
     4.313374996185303,
     0.5218750238418579
    ],
    [
     4.102750301361084,
     0.5215000510215759
    ],
    [
     3.893625259399414,
     0.5211250185966492
    ],
    [
     3.6588752269744873,
     0.5208750367164612
    ],
    [
     3.375875234603882,
     0.5203750133514404
    ],
    [
     3.071000099182129,
     0.5197499990463257
    ],
    [
     2.7521250247955322,
     0.518625020980835
    ],
    [
     2.412875175476074,
     0.5158750414848328
    ],
    [
     2.088625192642212,
     0.5105000138282776
    ]
   ]
  },
  "dstate": {
   "tau": 0.0036848103627562523,
   "acc": 0.5218750238418579,
   "steps": 5.91325044631958,
   "gap_vs_persist_pp": 0.0,
   "corr_ans": -0.4091174304485321,
   "decomposition": {
    "early_wrong": 0.02475,
    "early_right": 0.004125,
    "budget_right": 0.51775,
    "budget_wrong": 0.453375
   },
   "curve": [
    [
     5.91325044631958,
     0.5218750238418579
    ],
    [
     5.566250324249268,
     0.5212500095367432
    ],
    [
     5.134000301361084,
     0.5205000042915344
    ],
    [
     4.697000026702881,
     0.5200000405311584
    ],
    [
     4.244750022888184,
     0.518750011920929
    ],
    [
     3.800250291824341,
     0.5168750286102295
    ],
    [
     3.333250045776367,
     0.515500009059906
    ],
    [
     2.9301252365112305,
     0.5137500166893005
    ],
    [
     2.6105000972747803,
     0.5121250152587891
    ],
    [
     2.3595001697540283,
     0.5113750100135803
    ],
    [
     2.1916251182556152,
     0.5103750228881836
    ],
    [
     2.0753750801086426,
     0.5090000033378601
    ],
    [
     1.9382500648498535,
     0.5077500343322754
    ],
    [
     1.5205000638961792,
     0.5055000185966492
    ],
    [
     1.1226251125335693,
     0.5018750429153442
    ]
   ]
  },
  "recon": {
   "tau": 0.7813223600387573,
   "acc": 0.5218750238418579,
   "steps": 5.446875095367432,
   "gap_vs_persist_pp": 0.0,
   "corr_ans": -0.43841394782066345,
   "decomposition": {
    "early_wrong": 0.0,
    "early_right": 0.110625,
    "budget_right": 0.41125,
    "budget_wrong": 0.478125
   },
   "curve": [
    [
     5.446875095367432,
     0.5218750238418579
    ],
    [
     4.414375305175781,
     0.5212500095367432
    ],
    [
     3.744375228881836,
     0.5168750286102295
    ],
    [
     3.1261250972747803,
     0.5135000348091125
    ],
    [
     2.6445000171661377,
     0.5116250514984131
    ],
    [
     2.2058751583099365,
     0.5101250410079956
    ],
    [
     1.8620001077651978,
     0.5076250433921814
    ],
    [
     1.5793750286102295,
     0.5061250329017639
    ],
    [
     1.3488750457763672,
     0.5048750042915344
    ],
    [
     1.1855000257492065,
     0.5036250352859497
    ],
    [
     1.065000057220459,
     0.502750039100647
    ],
    [
     1.0120000839233398,
     0.5020000338554382
    ],
    [
     1.0002501010894775,
     0.5017500519752502
    ],
    [
     1.0,
     0.5017500519752502
    ],
    [
     1.0,
     0.5017500519752502
    ]
   ]
  }
 },
 "depth_vs_load": {
  "4": 5.930000305175781,
  "8": 5.967936038970947,
  "12": 5.929577350616455,
  "16": 5.939023971557617,
  "20": 5.961144924163818,
  "24": 5.927685737609863,
  "27": 5.650000095367432,
  "28": 5.925000190734863,
  "31": 5.962963104248047,
  "32": 5.953389644622803,
  "35": 5.77142858505249,
  "36": 5.8599138259887695,
  "39": 5.911111354827881,
  "40": 5.865044116973877,
  "43": 5.945454120635986,
  "44": 5.908884048461914,
  "47": 5.833333492279053,
  "48": 5.884259223937988,
  "51": 5.969696998596191,
  "52": 5.917257785797119,
  "55": 5.824324607849121,
  "56": 5.84782600402832,
  "59": 5.913580417633057,
  "60": 5.9012346267700195,
  "63": 5.933333396911621,
  "64": 5.893129825592041
 }
}