{
 "seed": 3,
 "persist_acc": 0.4129999876022339,
 "fixed_frontier": [
  [
   0.32249999046325684,
   1.0
  ],
  [
   0.398333340883255,
   2.0
  ],
  [
   0.41749998927116394,
   3.0
  ],
  [
   0.41316667199134827,
   4.0
  ],
  [
   0.41483333706855774,
   5.0
  ],
  [
   0.4129999876022339,
   6.0
  ]
 ],
 "arms": {
  "entropy": {
   "tau": 0.007339396979659796,
   "acc": 0.3903333246707916,
   "steps": 5.422833442687988,
   "gap_vs_persist_pp": -2.266666293144226,
   "corr_ans": -0.5201910734176636,
   "decomposition": {
    "early_wrong": 0.0695,
    "early_right": 0.04616666666666667,
    "budget_right": 0.3441666666666667,
    "budget_wrong": 0.5401666666666667
   },
   "curve": [
    [
     5.422833442687988,
     0.3903333246707916
    ],
    [
     3.631166696548462,
     0.32833331823349
    ],
    [
     3.0139999389648438,
     0.31349998712539673
    ],
    [
     2.7661666870117188,
     0.3125
    ],
    [
     2.7113332748413086,
     0.31166666746139526
    ],
    [
     2.678666591644287,
     0.3111666738986969
    ],
    [
     2.6514999866485596,
     0.3111666738986969
    ],
    [
     2.625,
     0.3114999830722809
    ],
    [
     2.5906665325164795,
     0.312666654586792
    ],
    [
     2.507833242416382,
     0.3140000104904175
    ],
    [
     2.253000020980835,
     0.3174999952316284
    ],
    [
     1.5889999866485596,
     0.32116666436195374
    ],
    [
     1.0511666536331177,
     0.32199999690055847
    ],
    [
     1.000499963760376,
     0.32249999046325684
    ],
    [
     1.0,
     0.32249999046325684
    ]
   ]
  },
  "conv": {
   "tau": 3.168503761291504,
   "acc": 0.42016667127609253,
   "steps": 2.432499885559082,
   "gap_vs_persist_pp": 0.7166683673858643,
   "corr_ans": 0.30332157015800476,
   "decomposition": {
    "early_wrong": 0.5798333333333333,
    "early_right": 0.4201666666666667,
    "budget_right": 0.0,
    "budget_wrong": 0.0
   },
   "curve": [
    [
     5.887499809265137,
     0.4129999876022339
    ],
    [
     5.746166706085205,
     0.41349998116493225
    ],
    [
     5.548999786376953,
     0.41316667199134827
    ],
    [
     5.2729997634887695,
     0.41366666555404663
    ],
    [
     5.004499912261963,
     0.4138333201408386
    ],
    [
     4.744833469390869,
     0.414000004529953
    ],
    [
     4.516666412353516,
     0.41366666555404663
    ],
    [
     4.289833068847656,
     0.41200000047683716
    ],
    [
     4.061666488647461,
     0.4118333160877228
    ],
    [
     3.796999931335449,
     0.4126666486263275
    ],
    [
     3.4704999923706055,
     0.414000004529953
    ],
    [
     3.11983323097229,
     0.41449999809265137
    ],
    [
     2.7781665325164795,
     0.41883331537246704
    ],
    [
     2.432499885559082,
     0.42016667127609253
    ],
    [
     2.0950000286102295,
     0.4098333418369293
    ]
   ]
  },
  "dstate": {
   "tau": 0.7101534605026245,
   "acc": 0.421833336353302,
   "steps": 2.7044999599456787,
   "gap_vs_persist_pp": 0.8833348751068115,
   "corr_ans": 0.21426330506801605,
   "decomposition": {
    "early_wrong": 0.576,
    "early_right": 0.4161666666666667,
    "budget_right": 0.005666666666666667,
    "budget_wrong": 0.0021666666666666666
   },
   "curve": [
    [
     6.0,
     0.4129999876022339
    ],
    [
     5.942500114440918,
     0.4129999876022339
    ],
    [
     5.792500019073486,
     0.4128333330154419
    ],
    [
     5.515166759490967,
     0.41200000047683716
    ],
    [
     5.145166397094727,
     0.41200000047683716
    ],
    [
     4.759166717529297,
     0.4118333160877228
    ],
    [
     4.357166767120361,
     0.41200000047683716
    ],
    [
     3.9778332710266113,
     0.4124999940395355
    ],
    [
     3.5738332271575928,
     0.41349998116493225
    ],
    [
     3.176166534423828,
     0.41366666555404663
    ],
    [
     2.7044999599456787,
     0.421833336353302
    ],
    [
     2.2773332595825195,
     0.4183333218097687
    ],
    [
     1.8388333320617676,
     0.3944999873638153
    ],
    [
     1.4448332786560059,
     0.3630000054836273
    ],
    [
     1.087166666984558,
     0.33383333683013916
    ]
   ]
  },
  "recon": {
   "tau": 0.17449623346328735,
   "acc": 0.3981666564941406,
   "steps": 5.420166492462158,
   "gap_vs_persist_pp": -1.4833331108093262,
   "corr_ans": -0.439973920583725,
   "decomposition": {
    "early_wrong": 0.051833333333333335,
    "early_right": 0.06416666666666666,
    "budget_right": 0.334,
    "budget_wrong": 0.55
   },
   "curve": [
    [
     5.420166492462158,
     0.3981666564941406
    ],
    [
     3.9054999351501465,
     0.34033334255218506
    ],
    [
     3.199833393096924,
     0.3165000081062317
    ],
    [
     2.742833375930786,
     0.31583333015441895
    ],
    [
     2.0263333320617676,
     0.31933334469795227
    ],
    [
     1.2714999914169312,
     0.32216665148735046
    ],
    [
     1.0391666889190674,
     0.3226666748523712
    ],
    [
     1.0083333253860474,
     0.32249999046325684
    ],
    [
     1.0024999380111694,
     0.32249999046325684
    ],
    [
     1.0,
     0.32249999046325684
    ],
    [
     1.0,
     0.32249999046325684
    ],
    [
     1.0,
     0.32249999046325684
    ],
    [
     1.0,
     0.32249999046325684
    ],
    [
     1.0,
     0.32249999046325684
    ],
    [
     1.0,
     0.32249999046325684
    ]
   ]
  }
 },
 "depth_vs_K": {
  "1": 2.7441251277923584,
  "2": 3.4440433979034424,
  "3": 3.6469345092773438
 }
}