{
 "seed": 1,
 "persist_acc": 0.4126666486263275,
 "fixed_frontier": [
  [
   0.32716667652130127,
   1.0
  ],
  [
   0.41083332896232605,
   2.0
  ],
  [
   0.4189999997615814,
   3.0
  ],
  [
   0.41733333468437195,
   4.0
  ],
  [
   0.4169999957084656,
   5.0
  ],
  [
   0.4126666486263275,
   6.0
  ]
 ],
 "arms": {
  "entropy": {
   "tau": 0.006898400839418173,
   "acc": 0.39516666531562805,
   "steps": 5.410833358764648,
   "gap_vs_persist_pp": -1.7499983310699463,
   "corr_ans": -0.5295746922492981,
   "decomposition": {
    "early_wrong": 0.06666666666666667,
    "early_right": 0.051333333333333335,
    "budget_right": 0.3438333333333333,
    "budget_wrong": 0.5381666666666667
   },
   "curve": [
    [
     5.410833358764648,
     0.39516666531562805
    ],
    [
     3.627833366394043,
     0.33683332800865173
    ],
    [
     2.9683332443237305,
     0.32100000977516174
    ],
    [
     2.7248332500457764,
     0.3191666603088379
    ],
    [
     2.6716666221618652,
     0.3188333213329315
    ],
    [
     2.6368331909179688,
     0.31933334469795227
    ],
    [
     2.6088333129882812,
     0.31949999928474426
    ],
    [
     2.5808331966400146,
     0.320333331823349
    ],
    [
     2.5453333854675293,
     0.32116666436195374
    ],
    [
     2.4574999809265137,
     0.32199999690055847
    ],
    [
     2.120500087738037,
     0.3251666724681854
    ],
    [
     1.3934999704360962,
     0.32833331823349
    ],
    [
     1.0196666717529297,
     0.3268333375453949
    ],
    [
     1.0,
     0.32716667652130127
    ],
    [
     1.0,
     0.32716667652130127
    ]
   ]
  },
  "conv": {
   "tau": 3.3326241970062256,
   "acc": 0.4259999990463257,
   "steps": 2.441166639328003,
   "gap_vs_persist_pp": 1.333335041999817,
   "corr_ans": 0.29923608899116516,
   "decomposition": {
    "early_wrong": 0.574,
    "early_right": 0.426,
    "budget_right": 0.0,
    "budget_wrong": 0.0
   },
   "curve": [
    [
     5.92716646194458,
     0.4126666486263275
    ],
    [
     5.807333469390869,
     0.41316667199134827
    ],
    [
     5.591833114624023,
     0.41333332657814026
    ],
    [
     5.328999996185303,
     0.41349998116493225
    ],
    [
     5.064833164215088,
     0.41449999809265137
    ],
    [
     4.799166679382324,
     0.41449999809265137
    ],
    [
     4.5355000495910645,
     0.4153333306312561
    ],
    [
     4.309166431427002,
     0.4151666760444641
    ],
    [
     4.065499782562256,
     0.41583332419395447
    ],
    [
     3.799499988555908,
     0.41583332419395447
    ],
    [
     3.4798333644866943,
     0.41733333468437195
    ],
    [
     3.1428332328796387,
     0.41883331537246704
    ],
    [
     2.7846665382385254,
     0.421999990940094
    ],
    [
     2.441166639328003,
     0.4259999990463257
    ],
    [
     2.1018333435058594,
     0.4196666479110718
    ]
   ]
  },
  "dstate": {
   "tau": 0.626456081867218,
   "acc": 0.4181666672229767,
   "steps": 3.180833339691162,
   "gap_vs_persist_pp": 0.550001859664917,
   "corr_ans": 0.2100173681974411,
   "decomposition": {
    "early_wrong": 0.579,
    "early_right": 0.4131666666666667,
    "budget_right": 0.005,
    "budget_wrong": 0.0028333333333333335
   },
   "curve": [
    [
     5.998666763305664,
     0.4126666486263275
    ],
    [
     5.908166408538818,
     0.41316667199134827
    ],
    [
     5.74399995803833,
     0.41316667199134827
    ],
    [
     5.516833305358887,
     0.4151666760444641
    ],
    [
     5.139833450317383,
     0.4166666567325592
    ],
    [
     4.761000156402588,
     0.4165000021457672
    ],
    [
     4.367833137512207,
     0.4166666567325592
    ],
    [
     3.9789998531341553,
     0.4165000021457672
    ],
    [
     3.5793333053588867,
     0.41616666316986084
    ],
    [
     3.180833339691162,
     0.4181666672229767
    ],
    [
     2.7101666927337646,
     0.4221666753292084
    ],
    [
     2.2825000286102295,
     0.42116665840148926
    ],
    [
     1.8700000047683716,
     0.3961666524410248
    ],
    [
     1.4594999551773071,
     0.37299999594688416
    ],
    [
     1.090666651725769,
     0.3408333361148834
    ]
   ]
  },
  "recon": {
   "tau": 0.176498681306839,
   "acc": 0.39533331990242004,
   "steps": 5.393499851226807,
   "gap_vs_persist_pp": -1.733332872390747,
   "corr_ans": -0.44054943323135376,
   "decomposition": {
    "early_wrong": 0.057666666666666665,
    "early_right": 0.06366666666666666,
    "budget_right": 0.33166666666666667,
    "budget_wrong": 0.547
   },
   "curve": [
    [
     5.393499851226807,
     0.39533331990242004
    ],
    [
     3.864166736602783,
     0.3434999883174896
    ],
    [
     3.190000057220459,
     0.3231666684150696
    ],
    [
     2.74483323097229,
     0.32216665148735046
    ],
    [
     1.9211666584014893,
     0.3244999945163727
    ],
    [
     1.1408333778381348,
     0.32733333110809326
    ],
    [
     1.0058332681655884,
     0.32716667652130127
    ],
    [
     1.0,
     0.32716667652130127
    ],
    [
     1.0,
     0.32716667652130127
    ],
    [
     1.0,
     0.32716667652130127
    ],
    [
     1.0,
     0.32716667652130127
    ],
    [
     1.0,
     0.32716667652130127
    ],
    [
     1.0,
     0.32716667652130127
    ],
    [
     1.0,
     0.32716667652130127
    ],
    [
     1.0,
     0.32716667652130127
    ]
   ]
  }
 },
 "depth_vs_K": {
  "1": 2.988982915878296,
  "2": 3.6307506561279297,
  "3": 3.747126340866089
 }
}