{
 "seed": 7,
 "persist_acc": 0.515500009059906,
 "fixed_frontier": [
  [
   0.49650001525878906,
   1.0
  ],
  [
   0.503000020980835,
   2.0
  ],
  [
   0.5083750486373901,
   3.0
  ],
  [
   0.5117500424385071,
   4.0
  ],
  [
   0.5142500400543213,
   5.0
  ],
  [
   0.515500009059906,
   6.0
  ]
 ],
 "arms": {
  "entropy": {
   "tau": 0.004479709081351757,
   "acc": 0.515500009059906,
   "steps": 5.84612512588501,
   "gap_vs_persist_pp": 0.0,
   "corr_ans": -0.5730717182159424,
   "decomposition": {
    "early_wrong": 0.0,
    "early_right": 0.0315,
    "budget_right": 0.484,
    "budget_wrong": 0.4845
   },
   "curve": [
    [
     5.84612512588501,
     0.515500009059906
    ],
    [
     5.427375316619873,
     0.515500009059906
    ],
    [
     5.084000110626221,
     0.515500009059906
    ],
    [
     4.758000373840332,
     0.515500009059906
    ],
    [
     4.4745001792907715,
     0.515500009059906
    ],
    [
     4.183250427246094,
     0.515500009059906
    ],
    [
     3.8440001010894775,
     0.515125036239624
    ],
    [
     3.4508752822875977,
     0.5125000476837158
    ],
    [
     3.0860002040863037,
     0.5083750486373901
    ],
    [
     2.748875141143799,
     0.5056250095367432
    ],
    [
     2.4716250896453857,
     0.5033750534057617
    ],
    [
     2.1450002193450928,
     0.5008749961853027
    ],
    [
     1.8200000524520874,
     0.4983750283718109
    ],
    [
     1.4536250829696655,
     0.4976250231266022
    ],
    [
     1.0907500982284546,
     0.49650001525878906
    ]
   ]
  },
  "conv": {
   "tau": 1.1996550028925412e-06,
   "acc": 0.515500009059906,
   "steps": 5.840875148773193,
   "gap_vs_persist_pp": 0.0,
   "corr_ans": -0.21549630165100098,
   "decomposition": {
    "early_wrong": 0.0,
    "early_right": 0.042625,
    "budget_right": 0.472875,
    "budget_wrong": 0.4845
   },
   "curve": [
    [
     5.840875148773193,
     0.515500009059906
    ],
    [
     5.4366254806518555,
     0.515500009059906
    ],
    [
     5.147500038146973,
     0.515500009059906
    ],
    [
     4.922125339508057,
     0.515500009059906
    ],
    [
     4.721625328063965,
     0.515500009059906
    ],
    [
     4.524500370025635,
     0.515500009059906
    ],
    [
     4.318000316619873,
     0.515500009059906
    ],
    [
     4.115750312805176,
     0.5158750414848328
    ],
    [
     3.8947501182556152,
     0.515500009059906
    ],
    [
     3.6413750648498535,
     0.51500004529953
    ],
    [
     3.3681252002716064,
     0.5143750309944153
    ],
    [
     3.0688750743865967,
     0.5132500529289246
    ],
    [
     2.7401251792907715,
     0.5116250514984131
    ],
    [
     2.4093751907348633,
     0.5090000033378601
    ],
    [
     2.085125207901001,
     0.5041249990463257
    ]
   ]
  },
  "dstate": {
   "tau": 0.0038863560184836388,
   "acc": 0.515500009059906,
   "steps": 5.919875144958496,
   "gap_vs_persist_pp": 0.0,
   "corr_ans": -0.3910388946533203,
   "decomposition": {
    "early_wrong": 0.022,
    "early_right": 0.002875,
    "budget_right": 0.512625,
    "budget_wrong": 0.4625
   },
   "curve": [
    [
     5.919875144958496,
     0.515500009059906
    ],
    [
     5.553375244140625,
     0.515250027179718
    ],
    [
     5.146125316619873,
     0.5142500400543213
    ],
    [
     4.672250270843506,
     0.5132500529289246
    ],
    [
     4.158125400543213,
     0.5122500061988831
    ],
    [
     3.6827502250671387,
     0.5103750228881836
    ],
    [
     3.266625165939331,
     0.5093750357627869
    ],
    [
     2.869000196456909,
     0.5073750019073486
    ],
    [
     2.5687501430511475,
     0.5063750147819519
    ],
    [
     2.325125217437744,
     0.5048750042915344
    ],
    [
     2.1757500171661377,
     0.5042500495910645
    ],
    [
     2.061375141143799,
     0.5035000443458557
    ],
    [
     1.9408750534057617,
     0.502750039100647
    ],
    [
     1.5325000286102295,
     0.5011250376701355
    ],
    [
     1.1162500381469727,
     0.4972500205039978
    ]
   ]
  },
  "recon": {
   "tau": 0.7624331712722778,
   "acc": 0.515500009059906,
   "steps": 5.44350004196167,
   "gap_vs_persist_pp": 0.0,
   "corr_ans": -0.4324556291103363,
   "decomposition": {
    "early_wrong": 0.0,
    "early_right": 0.1115,
    "budget_right": 0.404,
    "budget_wrong": 0.4845
   },
   "curve": [
    [
     5.44350004196167,
     0.515500009059906
    ],
    [
     4.34250020980835,
     0.515250027179718
    ],
    [
     3.548750162124634,
     0.5120000243186951
    ],
    [
     2.90975022315979,
     0.5092500448226929
    ],
    [
     2.3466250896453857,
     0.5065000057220459
    ],
    [
     1.927125096321106,
     0.5045000314712524
    ],
    [
     1.6180000305175781,
     0.5013750195503235
    ],
    [
     1.365875005722046,
     0.499875009059906
    ],
    [
     1.1911250352859497,
     0.4983750283718109
    ],
    [
     1.0697500705718994,
     0.4975000321865082
    ],
    [
     1.0150001049041748,
     0.49675002694129944
    ],
    [
     1.0013750791549683,
     0.49650001525878906
    ],
    [
     1.0001250505447388,
     0.49650001525878906
    ],
    [
     1.0,
     0.49650001525878906
    ],
    [
     1.0,
     0.49650001525878906
    ]
   ]
  }
 },
 "depth_vs_load": {
  "4": 5.932000160217285,
  "8": 5.947474956512451,
  "12": 5.9349589347839355,
  "16": 5.963190078735352,
  "20": 5.942268371582031,
  "23": 6.0,
  "24": 5.9142255783081055,
  "27": 6.0,
  "28": 5.959227561950684,
  "31": 5.800000190734863,
  "32": 5.901960849761963,
  "35": 5.884615421295166,
  "36": 5.919463157653809,
  "39": 5.933333873748779,
  "40": 5.892938613891602,
  "43": 5.953845977783203,
  "44": 5.9375,
  "47": 5.797297477722168,
  "48": 5.914691925048828,
  "51": 5.961039066314697,
  "52": 5.908873081207275,
  "55": 5.852272987365723,
  "56": 5.891088962554932,
  "59": 5.9560441970825195,
  "60": 5.856783866882324,
  "63": 5.805555820465088,
  "64": 5.926316261291504
 }
}