{
 "seed": 9,
 "persist_acc": 0.6918333172798157,
 "fixed_frontier": [
  [
   0.6636666655540466,
   1.0
  ],
  [
   0.6931666731834412,
   2.0
  ],
  [
   0.6946666836738586,
   3.0
  ],
  [
   0.6946666836738586,
   4.0
  ],
  [
   0.6931666731834412,
   5.0
  ],
  [
   0.6918333172798157,
   6.0
  ]
 ],
 "arms": {
  "entropy": {
   "tau": 0.001508014160208404,
   "acc": 0.6918333172798157,
   "steps": 5.575166702270508,
   "gap_vs_persist_pp": 0.0,
   "corr_ans": -0.8055063486099243,
   "decomposition": {
    "early_wrong": 0.0,
    "early_right": 0.09633333333333334,
    "budget_right": 0.5955,
    "budget_wrong": 0.30816666666666664
   },
   "curve": [
    [
     5.575166702270508,
     0.6918333172798157
    ],
    [
     4.36133337020874,
     0.6918333172798157
    ],
    [
     3.8586666584014893,
     0.6918333172798157
    ],
    [
     3.5978333950042725,
     0.6918333172798157
    ],
    [
     3.450666666030884,
     0.6918333172798157
    ],
    [
     3.367666721343994,
     0.6918333172798157
    ],
    [
     3.299166679382324,
     0.6918333172798157
    ],
    [
     3.2358334064483643,
     0.6918333172798157
    ],
    [
     3.1635000705718994,
     0.6918333172798157
    ],
    [
     2.8276665210723877,
     0.6918333172798157
    ],
    [
     2.005500078201294,
     0.675000011920929
    ],
    [
     1.2795000076293945,
     0.6658333539962769
    ],
    [
     1.0010000467300415,
     0.6636666655540466
    ],
    [
     1.0,
     0.6636666655540466
    ],
    [
     1.0,
     0.6636666655540466
    ]
   ]
  },
  "conv": {
   "tau": 0.9061126708984375,
   "acc": 0.6931666731834412,
   "steps": 2.0923333168029785,
   "gap_vs_persist_pp": 0.13333559036254883,
   "corr_ans": -0.12565721571445465,
   "decomposition": {
    "early_wrong": 0.30683333333333335,
    "early_right": 0.6931666666666667,
    "budget_right": 0.0,
    "budget_wrong": 0.0
   },
   "curve": [
    [
     5.87333345413208,
     0.6918333172798157
    ],
    [
     5.435999870300293,
     0.6918333172798157
    ],
    [
     5.096499919891357,
     0.6918333172798157
    ],
    [
     4.83050012588501,
     0.6918333172798157
    ],
    [
     4.617166519165039,
     0.6918333172798157
    ],
    [
     4.4698333740234375,
     0.6918333172798157
    ],
    [
     4.332499980926514,
     0.6918333172798157
    ],
    [
     4.110166549682617,
     0.6918333172798157
    ],
    [
     3.7955000400543213,
     0.6918333172798157
    ],
    [
     3.691499948501587,
     0.6918333172798157
    ],
    [
     3.422833204269409,
     0.6926666498184204
    ],
    [
     3.066666603088379,
     0.6936666369438171
    ],
    [
     2.7341666221618652,
     0.6944999694824219
    ],
    [
     2.437666654586792,
     0.6943333148956299
    ],
    [
     2.0923333168029785,
     0.6931666731834412
    ]
   ]
  },
  "dstate": {
   "tau": 0.3930090367794037,
   "acc": 0.6931666731834412,
   "steps": 4.433333396911621,
   "gap_vs_persist_pp": 0.13333559036254883,
   "corr_ans": 0.44112271070480347,
   "decomposition": {
    "early_wrong": 0.30683333333333335,
    "early_right": 0.08483333333333333,
    "budget_right": 0.6083333333333333,
    "budget_wrong": 0.0
   },
   "curve": [
    [
     5.517333507537842,
     0.6934999823570251
    ],
    [
     4.433333396911621,
     0.6931666731834412
    ],
    [
     4.235000133514404,
     0.6899999976158142
    ],
    [
     3.986999988555908,
     0.675000011920929
    ],
    [
     3.7853333950042725,
     0.6664999723434448
    ],
    [
     3.687833309173584,
     0.6636666655540466
    ],
    [
     3.2708332538604736,
     0.6636666655540466
    ],
    [
     2.5993332862854004,
     0.6636666655540466
    ],
    [
     2.0796666145324707,
     0.6636666655540466
    ],
    [
     1.4708333015441895,
     0.6636666655540466
    ],
    [
     1.0293333530426025,
     0.6636666655540466
    ],
    [
     1.0,
     0.6636666655540466
    ],
    [
     1.0,
     0.6636666655540466
    ],
    [
     1.0,
     0.6636666655540466
    ],
    [
     1.0,
     0.6636666655540466
    ]
   ]
  },
  "recon": {
   "tau": 1.5410913228988647,
   "acc": 0.6918333172798157,
   "steps": 5.515833377838135,
   "gap_vs_persist_pp": 0.0,
   "corr_ans": -0.3836705684661865,
   "decomposition": {
    "early_wrong": 0.14733333333333334,
    "early_right": 0.029833333333333333,
    "budget_right": 0.662,
    "budget_wrong": 0.16083333333333333
   },
   "curve": [
    [
     5.800833225250244,
     0.6919999718666077
    ],
    [
     5.515833377838135,
     0.6918333172798157
    ],
    [
     5.250666618347168,
     0.6923333406448364
    ],
    [
     4.833166599273682,
     0.6923333406448364
    ],
    [
     3.885166645050049,
     0.6909999847412109
    ],
    [
     2.808166742324829,
     0.6888332962989807
    ],
    [
     2.1013333797454834,
     0.6865000128746033
    ],
    [
     1.7695000171661377,
     0.684333324432373
    ],
    [
     1.5606666803359985,
     0.6816666722297668
    ],
    [
     1.4143333435058594,
     0.6803333163261414
    ],
    [
     1.2896666526794434,
     0.6781666874885559
    ],
    [
     1.2103333473205566,
     0.6761666536331177
    ],
    [
     1.1418333053588867,
     0.672166645526886
    ],
    [
     1.096833348274231,
     0.668999969959259
    ],
    [
     1.0525000095367432,
     0.6663333177566528
    ]
   ]
  }
 },
 "depth_vs_load": {
  "3": 4.976744174957275,
  "4": 4.973684310913086,
  "6": 5.454545497894287,
  "7": 4.6405229568481445,
  "8": 4.793846130371094,
  "10": 4.967741966247559,
  "11": 4.805194854736328,
  "12": 4.775956153869629,
  "13": 5.076923370361328,
  "14": 4.902857303619385,
  "15": 4.800000190734863,
  "16": 4.589928150177002,
  "17": 5.039999961853027,
  "18": 5.195876121520996,
  "19": 4.9361701011657715,
  "20": 4.6820807456970215,
  "21": 4.850829124450684,
  "22": 4.387754917144775,
  "23": 4.5050506591796875,
  "24": 4.3106794357299805,
  "25": 4.08955192565918,
  "26": 4.056603908538818,
  "27": 4.066350936889648,
  "28": 3.999999761581421,
  "29": 3.769585132598877,
  "30": 3.6916298866271973,
  "31": 3.853210926055908,
  "32": 3.757847785949707,
  "33": 4.068965435028076,
  "34": 3.8758621215820312,
  "35": 3.682539939880371,
  "36": 3.846153974533081,
  "37": 3.629629611968994,
  "38": 3.4666669368743896
 }
}