{
 "seed": 6,
 "persist_acc": 0.6786666512489319,
 "fixed_frontier": [
  [
   0.6539999842643738,
   1.0
  ],
  [
   0.6803333163261414,
   2.0
  ],
  [
   0.6806666851043701,
   3.0
  ],
  [
   0.6791666746139526,
   4.0
  ],
  [
   0.6788333058357239,
   5.0
  ],
  [
   0.6786666512489319,
   6.0
  ]
 ],
 "arms": {
  "entropy": {
   "tau": 0.001468421658501029,
   "acc": 0.6786666512489319,
   "steps": 5.5625,
   "gap_vs_persist_pp": 0.0,
   "corr_ans": -0.8173255324363708,
   "decomposition": {
    "early_wrong": 0.0,
    "early_right": 0.10266666666666667,
    "budget_right": 0.576,
    "budget_wrong": 0.32133333333333336
   },
   "curve": [
    [
     5.5625,
     0.6786666512489319
    ],
    [
     4.535833358764648,
     0.6786666512489319
    ],
    [
     4.0368332862854,
     0.6786666512489319
    ],
    [
     3.759000062942505,
     0.6786666512489319
    ],
    [
     3.5939998626708984,
     0.6786666512489319
    ],
    [
     3.4816665649414062,
     0.6786666512489319
    ],
    [
     3.3864998817443848,
     0.6786666512489319
    ],
    [
     3.319999933242798,
     0.6786666512489319
    ],
    [
     3.2316665649414062,
     0.6786666512489319
    ],
    [
     2.873499870300293,
     0.6786666512489319
    ],
    [
     1.993833303451538,
     0.6629999876022339
    ],
    [
     1.2416666746139526,
     0.656333327293396
    ],
    [
     1.002833366394043,
     0.6541666388511658
    ],
    [
     1.0,
     0.6539999842643738
    ],
    [
     1.0,
     0.6539999842643738
    ]
   ]
  },
  "conv": {
   "tau": 0.1715771108865738,
   "acc": 0.6800000071525574,
   "steps": 2.453000068664551,
   "gap_vs_persist_pp": 0.13333559036254883,
   "corr_ans": -0.10900641977787018,
   "decomposition": {
    "early_wrong": 0.31983333333333336,
    "early_right": 0.6793333333333333,
    "budget_right": 0.0006666666666666666,
    "budget_wrong": 0.00016666666666666666
   },
   "curve": [
    [
     5.897500038146973,
     0.6786666512489319
    ],
    [
     5.551833152770996,
     0.6786666512489319
    ],
    [
     5.224999904632568,
     0.6786666512489319
    ],
    [
     4.944499969482422,
     0.6786666512489319
    ],
    [
     4.741833209991455,
     0.6786666512489319
    ],
    [
     4.579999923706055,
     0.6786666512489319
    ],
    [
     4.396166801452637,
     0.6786666512489319
    ],
    [
     4.160666465759277,
     0.6786666512489319
    ],
    [
     3.8263332843780518,
     0.6786666512489319
    ],
    [
     3.7223331928253174,
     0.6786666512489319
    ],
    [
     3.433333396911621,
     0.6788333058357239
    ],
    [
     3.107333183288574,
     0.6786666512489319
    ],
    [
     2.7708332538604736,
     0.6800000071525574
    ],
    [
     2.453000068664551,
     0.6800000071525574
    ],
    [
     2.1071665287017822,
     0.6800000071525574
    ]
   ]
  },
  "dstate": {
   "tau": 0.4233188033103943,
   "acc": 0.6803333163261414,
   "steps": 4.38266658782959,
   "gap_vs_persist_pp": 0.16666650772094727,
   "corr_ans": 0.45128458738327026,
   "decomposition": {
    "early_wrong": 0.31966666666666665,
    "early_right": 0.08466666666666667,
    "budget_right": 0.5956666666666667,
    "budget_wrong": 0.0
   },
   "curve": [
    [
     5.501333236694336,
     0.6796666383743286
    ],
    [
     4.38266658782959,
     0.6803333163261414
    ],
    [
     4.2136664390563965,
     0.6791666746139526
    ],
    [
     3.9489998817443848,
     0.6653333306312561
    ],
    [
     3.7736666202545166,
     0.6551666855812073
    ],
    [
     3.696333408355713,
     0.6541666388511658
    ],
    [
     3.2358334064483643,
     0.6539999842643738
    ],
    [
     2.5933332443237305,
     0.6539999842643738
    ],
    [
     2.0331666469573975,
     0.6539999842643738
    ],
    [
     1.4674999713897705,
     0.6539999842643738
    ],
    [
     1.0268332958221436,
     0.6539999842643738
    ],
    [
     1.0,
     0.6539999842643738
    ],
    [
     1.0,
     0.6539999842643738
    ],
    [
     1.0,
     0.6539999842643738
    ],
    [
     1.0,
     0.6539999842643738
    ]
   ]
  },
  "recon": {
   "tau": 1.566800832748413,
   "acc": 0.6800000071525574,
   "steps": 4.902166843414307,
   "gap_vs_persist_pp": 0.13333559036254883,
   "corr_ans": -0.3023451268672943,
   "decomposition": {
    "early_wrong": 0.31933333333333336,
    "early_right": 0.059666666666666666,
    "budget_right": 0.6203333333333333,
    "budget_wrong": 0.0006666666666666666
   },
   "curve": [
    [
     5.878499984741211,
     0.6786666512489319
    ],
    [
     5.64633321762085,
     0.6791666746139526
    ],
    [
     5.32616662979126,
     0.6790000200271606
    ],
    [
     4.902166843414307,
     0.6800000071525574
    ],
    [
     4.086333274841309,
     0.6771666407585144
    ],
    [
     3.118499994277954,
     0.6746666431427002
    ],
    [
     2.31333327293396,
     0.6731666326522827
    ],
    [
     1.837499976158142,
     0.6701666712760925
    ],
    [
     1.5115000009536743,
     0.6694999933242798
    ],
    [
     1.3544999361038208,
     0.6673333048820496
    ],
    [
     1.222999930381775,
     0.6646666526794434
    ],
    [
     1.156000018119812,
     0.6621666550636292
    ],
    [
     1.0981667041778564,
     0.6591666340827942
    ],
    [
     1.0571666955947876,
     0.6568333506584167
    ],
    [
     1.0268332958221436,
     0.6558333039283752
    ]
   ]
  }
 },
 "depth_vs_load": {
  "3": 4.400000095367432,
  "4": 4.878260612487793,
  "6": 4.727272987365723,
  "7": 4.35971212387085,
  "8": 4.828402519226074,
  "9": 5.200000286102295,
  "10": 5.111111164093018,
  "11": 4.810344696044922,
  "12": 4.890052318572998,
  "13": 4.5714287757873535,
  "14": 4.718232154846191,
  "15": 4.773869514465332,
  "16": 4.658536434173584,
  "17": 4.751592636108398,
  "18": 4.9156622886657715,
  "19": 4.832432746887207,
  "20": 4.6815643310546875,
  "21": 4.464865207672119,
  "22": 4.579999923706055,
  "23": 4.233502388000488,
  "24": 4.285714149475098,
  "25": 4.291262149810791,
  "26": 4.127272605895996,
  "27": 3.857142925262451,
  "28": 4.045661926269531,
  "29": 3.8382978439331055,
  "30": 4.075949192047119,
  "31": 3.975308418273926,
  "32": 3.9146921634674072,
  "33": 3.6082472801208496,
  "34": 3.6470589637756348,
  "35": 3.504950523376465,
  "36": 3.379310369491577,
  "37": 3.7142858505249023
 }
}