{
 "seed": 8,
 "persist_acc": 0.6801666617393494,
 "fixed_frontier": [
  [
   0.6526666879653931,
   1.0
  ],
  [
   0.6800000071525574,
   2.0
  ],
  [
   0.6808333396911621,
   3.0
  ],
  [
   0.6803333163261414,
   4.0
  ],
  [
   0.6806666851043701,
   5.0
  ],
  [
   0.6801666617393494,
   6.0
  ]
 ],
 "arms": {
  "entropy": {
   "tau": 0.0015426096506416798,
   "acc": 0.6801666617393494,
   "steps": 5.582333087921143,
   "gap_vs_persist_pp": 0.0,
   "corr_ans": -0.8153516054153442,
   "decomposition": {
    "early_wrong": 0.0,
    "early_right": 0.10083333333333333,
    "budget_right": 0.5793333333333334,
    "budget_wrong": 0.31983333333333336
   },
   "curve": [
    [
     5.582333087921143,
     0.6801666617393494
    ],
    [
     4.72866678237915,
     0.6801666617393494
    ],
    [
     4.2154998779296875,
     0.6801666617393494
    ],
    [
     3.934666633605957,
     0.6801666617393494
    ],
    [
     3.7044999599456787,
     0.6801666617393494
    ],
    [
     3.5490000247955322,
     0.6801666617393494
    ],
    [
     3.441999912261963,
     0.6801666617393494
    ],
    [
     3.3473331928253174,
     0.6801666617393494
    ],
    [
     3.248166561126709,
     0.6801666617393494
    ],
    [
     2.8975000381469727,
     0.6801666617393494
    ],
    [
     1.9803333282470703,
     0.6618333458900452
    ],
    [
     1.1790000200271606,
     0.6545000076293945
    ],
    [
     1.000333309173584,
     0.6526666879653931
    ],
    [
     1.0,
     0.6526666879653931
    ],
    [
     1.0,
     0.6526666879653931
    ]
   ]
  },
  "conv": {
   "tau": 0.022683940827846527,
   "acc": 0.6798333525657654,
   "steps": 3.115999937057495,
   "gap_vs_persist_pp": -0.03333091735839844,
   "corr_ans": -0.12903794646263123,
   "decomposition": {
    "early_wrong": 0.31733333333333336,
    "early_right": 0.6631666666666667,
    "budget_right": 0.016666666666666666,
    "budget_wrong": 0.0028333333333333335
   },
   "curve": [
    [
     5.947499752044678,
     0.6801666617393494
    ],
    [
     5.667999744415283,
     0.6801666617393494
    ],
    [
     5.36899995803833,
     0.6801666617393494
    ],
    [
     5.119833469390869,
     0.6801666617393494
    ],
    [
     4.874666690826416,
     0.6801666617393494
    ],
    [
     4.6548333168029785,
     0.6801666617393494
    ],
    [
     4.424166679382324,
     0.6801666617393494
    ],
    [
     4.138833522796631,
     0.6801666617393494
    ],
    [
     3.8324999809265137,
     0.6801666617393494
    ],
    [
     3.7296667098999023,
     0.6801666617393494
    ],
    [
     3.4653332233428955,
     0.6803333163261414
    ],
    [
     3.115999937057495,
     0.6798333525657654
    ],
    [
     2.737833261489868,
     0.6804999709129333
    ],
    [
     2.4521665573120117,
     0.6806666851043701
    ],
    [
     2.1001665592193604,
     0.6801666617393494
    ]
   ]
  },
  "dstate": {
   "tau": 0.4400266408920288,
   "acc": 0.6800000071525574,
   "steps": 4.384666442871094,
   "gap_vs_persist_pp": -0.01666545867919922,
   "corr_ans": 0.4490736424922943,
   "decomposition": {
    "early_wrong": 0.32,
    "early_right": 0.08383333333333333,
    "budget_right": 0.5961666666666666,
    "budget_wrong": 0.0
   },
   "curve": [
    [
     5.52400016784668,
     0.6803333163261414
    ],
    [
     4.384666442871094,
     0.6800000071525574
    ],
    [
     4.208499908447266,
     0.6773333549499512
    ],
    [
     3.940166711807251,
     0.6635000109672546
    ],
    [
     3.754666566848755,
     0.6549999713897705
    ],
    [
     3.681333303451538,
     0.652999997138977
    ],
    [
     3.2325000762939453,
     0.6526666879653931
    ],
    [
     2.565999984741211,
     0.6526666879653931
    ],
    [
     2.003166675567627,
     0.6526666879653931
    ],
    [
     1.440833330154419,
     0.6526666879653931
    ],
    [
     1.034333348274231,
     0.6526666879653931
    ],
    [
     1.0,
     0.6526666879653931
    ],
    [
     1.0,
     0.6526666879653931
    ],
    [
     1.0,
     0.6526666879653931
    ],
    [
     1.0,
     0.6526666879653931
    ]
   ]
  },
  "recon": {
   "tau": 1.600005030632019,
   "acc": 0.6788333058357239,
   "steps": 5.708166599273682,
   "gap_vs_persist_pp": -0.13333559036254883,
   "corr_ans": -0.3854926824569702,
   "decomposition": {
    "early_wrong": 0.04683333333333333,
    "early_right": 0.029833333333333333,
    "budget_right": 0.649,
    "budget_wrong": 0.2743333333333333
   },
   "curve": [
    [
     5.708166599273682,
     0.6788333058357239
    ],
    [
     5.172500133514404,
     0.6786666512489319
    ],
    [
     4.750833511352539,
     0.6771666407585144
    ],
    [
     4.278500080108643,
     0.6773333549499512
    ],
    [
     3.7084999084472656,
     0.6769999861717224
    ],
    [
     3.0209999084472656,
     0.6766666769981384
    ],
    [
     2.3333332538604736,
     0.6746666431427002
    ],
    [
     1.8171666860580444,
     0.6726666688919067
    ],
    [
     1.5228333473205566,
     0.6704999804496765
    ],
    [
     1.3491666316986084,
     0.6676666736602783
    ],
    [
     1.2546666860580444,
     0.6653333306312561
    ],
    [
     1.181666612625122,
     0.6621666550636292
    ],
    [
     1.1181666851043701,
     0.6603333353996277
    ],
    [
     1.065333366394043,
     0.6576666831970215
    ],
    [
     1.027666687965393,
     0.6548333168029785
    ]
   ]
  }
 },
 "depth_vs_load": {
  "3": 4.26086950302124,
  "4": 4.792951583862305,
  "6": 4.769230842590332,
  "7": 5.0,
  "8": 4.983922958374023,
  "9": 5.066667079925537,
  "10": 5.1067962646484375,
  "11": 4.678898811340332,
  "12": 4.8066301345825195,
  "13": 4.828282833099365,
  "14": 4.730539321899414,
  "15": 4.797813892364502,
  "16": 4.838709831237793,
  "17": 4.658536434173584,
  "18": 4.572973251342773,
  "19": 4.601226806640625,
  "20": 4.589595317840576,
  "21": 4.609523773193359,
  "22": 4.351648330688477,
  "23": 4.55102014541626,
  "24": 4.123711109161377,
  "25": 4.236363410949707,
  "26": 4.202642917633057,
  "27": 4.2040815353393555,
  "28": 4.075471878051758,
  "29": 3.8410041332244873,
  "30": 3.7943923473358154,
  "31": 3.8086955547332764,
  "32": 3.753694534301758,
  "33": 3.535353422164917,
  "34": 3.7857143878936768,
  "35": 3.75,
  "36": 3.9069766998291016,
  "37": 3.700000047683716,
  "38": 3.090909242630005
 }
}