{
 "seed": 4,
 "persist_acc": 0.4073333144187927,
 "fixed_frontier": [
  [
   0.32983332872390747,
   1.0
  ],
  [
   0.4033333361148834,
   2.0
  ],
  [
   0.4091666638851166,
   3.0
  ],
  [
   0.40799999237060547,
   4.0
  ],
  [
   0.4073333144187927,
   5.0
  ],
  [
   0.4073333144187927,
   6.0
  ]
 ],
 "arms": {
  "entropy": {
   "tau": 0.00664927251636982,
   "acc": 0.3891666531562805,
   "steps": 5.416999816894531,
   "gap_vs_persist_pp": -1.8166661262512207,
   "corr_ans": -0.5131011009216309,
   "decomposition": {
    "early_wrong": 0.0725,
    "early_right": 0.04416666666666667,
    "budget_right": 0.345,
    "budget_wrong": 0.5383333333333333
   },
   "curve": [
    [
     5.416999816894531,
     0.3891666531562805
    ],
    [
     3.5364999771118164,
     0.32999998331069946
    ],
    [
     2.9179999828338623,
     0.3213333189487457
    ],
    [
     2.7053332328796387,
     0.32083332538604736
    ],
    [
     2.6579999923706055,
     0.3213333189487457
    ],
    [
     2.629166603088379,
     0.3216666579246521
    ],
    [
     2.6081666946411133,
     0.32116666436195374
    ],
    [
     2.571833372116089,
     0.3215000033378601
    ],
    [
     2.5361666679382324,
     0.3218333423137665
    ],
    [
     2.440000057220459,
     0.32350000739097595
    ],
    [
     2.1649999618530273,
     0.32850000262260437
    ],
    [
     1.4918333292007446,
     0.3306666612625122
    ],
    [
     1.035499930381775,
     0.33016666769981384
    ],
    [
     1.000166654586792,
     0.32983332872390747
    ],
    [
     1.0,
     0.32983332872390747
    ]
   ]
  },
  "conv": {
   "tau": 3.0483551025390625,
   "acc": 0.4153333306312561,
   "steps": 2.426666736602783,
   "gap_vs_persist_pp": 0.8000016212463379,
   "corr_ans": 0.2904178202152252,
   "decomposition": {
    "early_wrong": 0.5846666666666667,
    "early_right": 0.41533333333333333,
    "budget_right": 0.0,
    "budget_wrong": 0.0
   },
   "curve": [
    [
     5.904333114624023,
     0.4073333144187927
    ],
    [
     5.738333225250244,
     0.40716665983200073
    ],
    [
     5.533999919891357,
     0.4073333144187927
    ],
    [
     5.262333393096924,
     0.40716665983200073
    ],
    [
     5.003999710083008,
     0.4078333377838135
    ],
    [
     4.734166622161865,
     0.40799999237060547
    ],
    [
     4.483166694641113,
     0.4078333377838135
    ],
    [
     4.259666442871094,
     0.40716665983200073
    ],
    [
     4.010833263397217,
     0.406333327293396
    ],
    [
     3.745666742324829,
     0.40549999475479126
    ],
    [
     3.4578332901000977,
     0.40700000524520874
    ],
    [
     3.1043334007263184,
     0.4091666638851166
    ],
    [
     2.7855000495910645,
     0.4124999940395355
    ],
    [
     2.426666736602783,
     0.4153333306312561
    ],
    [
     2.0980000495910645,
     0.41083332896232605
    ]
   ]
  },
  "dstate": {
   "tau": 0.6878159046173096,
   "acc": 0.4151666760444641,
   "steps": 2.7065000534057617,
   "gap_vs_persist_pp": 0.7833361625671387,
   "corr_ans": 0.18808689713478088,
   "decomposition": {
    "early_wrong": 0.583,
    "early_right": 0.4135,
    "budget_right": 0.0016666666666666668,
    "budget_wrong": 0.0018333333333333333
   },
   "curve": [
    [
     5.999499797821045,
     0.4073333144187927
    ],
    [
     5.875833034515381,
     0.4076666533946991
    ],
    [
     5.665333271026611,
     0.4078333377838135
    ],
    [
     5.430833339691162,
     0.40683332085609436
    ],
    [
     5.075500011444092,
     0.40683332085609436
    ],
    [
     4.708499908447266,
     0.40833333134651184
    ],
    [
     4.33383321762085,
     0.40666666626930237
    ],
    [
     3.934333324432373,
     0.40700000524520874
    ],
    [
     3.5434999465942383,
     0.4073333144187927
    ],
    [
     3.1551666259765625,
     0.4090000092983246
    ],
    [
     2.7065000534057617,
     0.4151666760444641
    ],
    [
     2.2946665287017822,
     0.4115000069141388
    ],
    [
     1.871166706085205,
     0.39383333921432495
    ],
    [
     1.4589999914169312,
     0.36800000071525574
    ],
    [
     1.0813332796096802,
     0.3398333191871643
    ]
   ]
  },
  "recon": {
   "tau": 0.1817464977502823,
   "acc": 0.39233332872390747,
   "steps": 5.375333309173584,
   "gap_vs_persist_pp": -1.4999985694885254,
   "corr_ans": -0.42064863443374634,
   "decomposition": {
    "early_wrong": 0.058333333333333334,
    "early_right": 0.06666666666666667,
    "budget_right": 0.32566666666666666,
    "budget_wrong": 0.5493333333333333
   },
   "curve": [
    [
     5.375333309173584,
     0.39233332872390747
    ],
    [
     3.817166566848755,
     0.3401666581630707
    ],
    [
     3.124500036239624,
     0.3240000009536743
    ],
    [
     2.68149995803833,
     0.3233333230018616
    ],
    [
     2.00683331489563,
     0.32499998807907104
    ],
    [
     1.2801666259765625,
     0.32883334159851074
    ],
    [
     1.0699999332427979,
     0.3294999897480011
    ],
    [
     1.0241667032241821,
     0.3296666741371155
    ],
    [
     1.006666660308838,
     0.32983332872390747
    ],
    [
     1.0,
     0.32983332872390747
    ],
    [
     1.0,
     0.32983332872390747
    ],
    [
     1.0,
     0.32983332872390747
    ],
    [
     1.0,
     0.32983332872390747
    ],
    [
     1.0,
     0.32983332872390747
    ],
    [
     1.0,
     0.32983332872390747
    ]
   ]
  }
 },
 "depth_vs_K": {
  "1": 2.7095069885253906,
  "2": 3.4021873474121094,
  "3": 3.3482143878936768
 }
}