{
 "seed": 1,
 "configs": {
  "fixed": {
   "acc": 0.4319166863958041,
   "steps": 6.000000476837158,
   "acc_q": [
    0.4390000104904175,
    0.42500001192092896,
    0.44700002670288086,
    0.4350000321865082,
    0.4100000262260437,
    0.45500001311302185,
    0.42600002884864807,
    0.4320000112056732,
    0.4520000219345093,
    0.41600000858306885,
    0.45600003004074097,
    0.39000001549720764
   ]
  },
  "+halt": {
   "acc": 0.29200001309315365,
   "steps": 1.688166747490565,
   "acc_q": [
    0.29100000858306885,
    0.289000004529953,
    0.2930000126361847,
    0.27800002694129944,
    0.29100000858306885,
    0.27900001406669617,
    0.29200002551078796,
    0.30400002002716064,
    0.32600000500679016,
    0.2750000059604645,
    0.3100000023841858,
    0.2760000228881836
   ]
  },
  "persist": {
   "acc": 0.7247500320275625,
   "steps": 6.000000476837158,
   "acc_q": [
    0.4390000104904175,
    0.5840000510215759,
    0.7080000042915344,
    0.7590000629425049,
    0.7540000081062317,
    0.7740000486373901,
    0.7680000066757202,
    0.753000020980835,
    0.7880000472068787,
    0.7950000166893005,
    0.8010000586509705,
    0.7740000486373901
   ]
  },
  "both": {
   "acc": 0.4540000259876251,
   "steps": 3.3201668659845986,
   "acc_q": [
    0.3570000231266022,
    0.38700002431869507,
    0.43400001525878906,
    0.4540000259876251,
    0.4740000367164612,
    0.4570000171661377,
    0.48900002241134644,
    0.4580000340938568,
    0.5100000500679016,
    0.47200003266334534,
    0.492000013589859,
    0.46400001645088196
   ]
  }
 },
 "depth_vs_K": {
  "0": 4.531300067901611,
  "1": 2.8042452335357666,
  "2": 5.0817790031433105,
  "3": 5.809859275817871,
  "4": 5.968539237976074
 },
 "corr_ans_sur0": -0.4582901895046234
}