{
 "seed": 7,
 "configs": {
  "fixed": {
   "acc": 0.42783335596323013,
   "steps": 6.000000476837158,
   "acc_q": [
    0.4310000240802765,
    0.4140000343322754,
    0.4150000214576721,
    0.4020000100135803,
    0.4050000309944153,
    0.4150000214576721,
    0.45900002121925354,
    0.4360000193119049,
    0.4410000145435333,
    0.42500001192092896,
    0.44200003147125244,
    0.4490000307559967
   ]
  },
  "+halt": {
   "acc": 0.2765000139673551,
   "steps": 1.6526667575041454,
   "acc_q": [
    0.2710000276565552,
    0.2930000126361847,
    0.27300000190734863,
    0.25600001215934753,
    0.27400001883506775,
    0.27800002694129944,
    0.29500001668930054,
    0.26100000739097595,
    0.2770000100135803,
    0.28200000524520874,
    0.27900001406669617,
    0.27900001406669617
   ]
  },
  "persist": {
   "acc": 0.7184166982769966,
   "steps": 6.000000476837158,
   "acc_q": [
    0.4310000240802765,
    0.5840000510215759,
    0.6960000395774841,
    0.7360000610351562,
    0.7720000147819519,
    0.7720000147819519,
    0.8030000329017639,
    0.7740000486373901,
    0.7430000305175781,
    0.7670000195503235,
    0.7750000357627869,
    0.7680000066757202
   ]
  },
  "both": {
   "acc": 0.450583353638649,
   "steps": 3.3285001516342163,
   "acc_q": [
    0.35100001096725464,
    0.38200002908706665,
    0.4490000307559967,
    0.4350000321865082,
    0.4830000102519989,
    0.46700000762939453,
    0.48500001430511475,
    0.45900002121925354,
    0.4620000123977661,
    0.4660000205039978,
    0.4960000216960907,
    0.47200003266334534
   ]
  }
 },
 "depth_vs_K": {
  "0": 4.86271333694458,
  "1": 2.754793643951416,
  "2": 5.132824420928955,
  "3": 5.796296119689941,
  "4": 5.9511003494262695
 },
 "corr_ans_sur0": -0.4378160238265991
}