{
 "seed": 8,
 "persist_acc": 0.7136666774749756,
 "fixed_frontier": [
  [
   0.2879999876022339,
   1.0
  ],
  [
   0.46933332085609436,
   2.0
  ],
  [
   0.5976666808128357,
   3.0
  ],
  [
   0.6911666393280029,
   4.0
  ],
  [
   0.7071666717529297,
   5.0
  ],
  [
   0.7136666774749756,
   6.0
  ]
 ],
 "arms": {
  "entropy": {
   "tau": 0.000130041764350608,
   "acc": 0.6538333296775818,
   "steps": 5.375499725341797,
   "gap_vs_persist_pp": -5.98333477973938,
   "corr_ans": -0.4289565980434418,
   "decomposition": {
    "early_wrong": 0.09466666666666666,
    "early_right": 0.034333333333333334,
    "budget_right": 0.6195,
    "budget_wrong": 0.2515
   },
   "curve": [
    [
     5.375499725341797,
     0.6538333296775818
    ],
    [
     3.809499979019165,
     0.4934999942779541
    ],
    [
     2.9053332805633545,
     0.41449999809265137
    ],
    [
     2.5456666946411133,
     0.39233332872390747
    ],
    [
     2.433000087738037,
     0.38216665387153625
    ],
    [
     2.3526666164398193,
     0.37433332204818726
    ],
    [
     2.251499891281128,
     0.3648333251476288
    ],
    [
     2.122499942779541,
     0.35350000858306885
    ],
    [
     1.999500036239624,
     0.34599998593330383
    ],
    [
     1.8960000276565552,
     0.343833327293396
    ],
    [
     1.7760000228881836,
     0.33916667103767395
    ],
    [
     1.656499981880188,
     0.3356666564941406
    ],
    [
     1.5071666240692139,
     0.32999998331069946
    ],
    [
     1.318666696548462,
     0.3190000057220459
    ],
    [
     1.1013333797454834,
     0.30016666650772095
    ]
   ]
  },
  "conv": {
   "tau": 0.033048421144485474,
   "acc": 0.7114999890327454,
   "steps": 4.616666793823242,
   "gap_vs_persist_pp": -0.21666884422302246,
   "corr_ans": 0.13636091351509094,
   "decomposition": {
    "early_wrong": 0.058666666666666666,
    "early_right": 0.4795,
    "budget_right": 0.232,
    "budget_wrong": 0.22983333333333333
   },
   "curve": [
    [
     5.881833076477051,
     0.7136666774749756
    ],
    [
     5.540999889373779,
     0.7136666774749756
    ],
    [
     5.293499946594238,
     0.7136666774749756
    ],
    [
     5.120999813079834,
     0.7136666774749756
    ],
    [
     4.917999744415283,
     0.7136666774749756
    ],
    [
     4.7798333168029785,
     0.7129999995231628
    ],
    [
     4.616666793823242,
     0.7114999890327454
    ],
    [
     4.395666599273682,
     0.7096666693687439
    ],
    [
     4.101666450500488,
     0.706333339214325
    ],
    [
     3.7746665477752686,
     0.7016666531562805
    ],
    [
     3.4514999389648438,
     0.6863332986831665
    ],
    [
     3.112666606903076,
     0.6704999804496765
    ],
    [
     2.7823333740234375,
     0.6489999890327454
    ],
    [
     2.439666748046875,
     0.5866666436195374
    ],
    [
     2.1013333797454834,
     0.49399998784065247
    ]
   ]
  },
  "dstate": {
   "tau": 0.04295361787080765,
   "acc": 0.7129999995231628,
   "steps": 5.945000171661377,
   "gap_vs_persist_pp": -0.06666779518127441,
   "corr_ans": 0.01860634610056877,
   "decomposition": {
    "early_wrong": 0.0105,
    "early_right": 0.0235,
    "budget_right": 0.6895,
    "budget_wrong": 0.2765
   },
   "curve": [
    [
     5.945000171661377,
     0.7129999995231628
    ],
    [
     5.701666831970215,
     0.7098333239555359
    ],
    [
     5.450333118438721,
     0.7080000042915344
    ],
    [
     5.186166763305664,
     0.7016666531562805
    ],
    [
     4.899333477020264,
     0.6978332996368408
    ],
    [
     4.584333419799805,
     0.6913333535194397
    ],
    [
     4.229666709899902,
     0.6798333525657654
    ],
    [
     3.880166530609131,
     0.668666660785675
    ],
    [
     3.5199999809265137,
     0.6631666421890259
    ],
    [
     3.1540000438690186,
     0.6478333473205566
    ],
    [
     2.6691665649414062,
     0.5821666717529297
    ],
    [
     2.1628332138061523,
     0.5049999952316284
    ],
    [
     1.7106666564941406,
     0.4256666600704193
    ],
    [
     1.349833369255066,
     0.36016666889190674
    ],
    [
     1.0228333473205566,
     0.2915000021457672
    ]
   ]
  },
  "recon": {
   "tau": 0.07910283654928207,
   "acc": 0.6554999947547913,
   "steps": 5.377500057220459,
   "gap_vs_persist_pp": -5.816668272018433,
   "corr_ans": -0.23337028920650482,
   "decomposition": {
    "early_wrong": 0.09083333333333334,
    "early_right": 0.03383333333333333,
    "budget_right": 0.6216666666666667,
    "budget_wrong": 0.25366666666666665
   },
   "curve": [
    [
     5.377500057220459,
     0.6554999947547913
    ],
    [
     3.810499906539917,
     0.5101666450500488
    ],
    [
     3.2309999465942383,
     0.45666664838790894
    ],
    [
     2.9581665992736816,
     0.43433332443237305
    ],
    [
     2.7216665744781494,
     0.4098333418369293
    ],
    [
     2.503833293914795,
     0.39016667008399963
    ],
    [
     2.324833393096924,
     0.37849998474121094
    ],
    [
     2.1364998817443848,
     0.3711666762828827
    ],
    [
     1.9711666107177734,
     0.36249998211860657
    ],
    [
     1.7904999256134033,
     0.35333332419395447
    ],
    [
     1.6269999742507935,
     0.34166666865348816
    ],
    [
     1.4648332595825195,
     0.33116665482521057
    ],
    [
     1.3311666250228882,
     0.32383331656455994
    ],
    [
     1.2380000352859497,
     0.3163333237171173
    ],
    [
     1.0243333578109741,
     0.2893333435058594
    ]
   ]
  }
 },
 "random_curve": [
  [
   1.0,
   0.2879999876022339
  ],
  [
   1.9989999532699585,
   0.4483333230018616
  ],
  [
   3.008166551589966,
   0.559333324432373
  ],
  [
   3.486833333969116,
   0.5789999961853027
  ],
  [
   3.505166530609131,
   0.5826666355133057
  ],
  [
   3.436500072479248,
   0.5764999985694885
  ]
 ]
}