{
 "seed": 6,
 "configs": {
  "fixed": {
   "acc": 0.4377500166495641,
   "steps": 6.000000476837158,
   "acc_q": [
    0.4620000123977661,
    0.43700000643730164,
    0.42900002002716064,
    0.4440000355243683,
    0.453000009059906,
    0.41600000858306885,
    0.4400000274181366,
    0.4350000321865082,
    0.453000009059906,
    0.41600000858306885,
    0.46800002455711365,
    0.4000000059604645
   ]
  },
  "+halt": {
   "acc": 0.2774166837334633,
   "steps": 1.586833397547404,
   "acc_q": [
    0.26500001549720764,
    0.29500001668930054,
    0.2710000276565552,
    0.3150000274181366,
    0.281000018119812,
    0.26900002360343933,
    0.26200002431869507,
    0.25600001215934753,
    0.2970000207424164,
    0.24700000882148743,
    0.2939999997615814,
    0.2770000100135803
   ]
  },
  "persist": {
   "acc": 0.7343333711226782,
   "steps": 6.000000476837158,
   "acc_q": [
    0.4620000123977661,
    0.6060000061988831,
    0.7100000381469727,
    0.7760000228881836,
    0.796000063419342,
    0.7790000438690186,
    0.7690000534057617,
    0.7740000486373901,
    0.7920000553131104,
    0.7880000472068787,
    0.7940000295639038,
    0.7660000324249268
   ]
  },
  "both": {
   "acc": 0.4565000186363856,
   "steps": 3.2965834736824036,
   "acc_q": [
    0.367000013589859,
    0.41600000858306885,
    0.4320000112056732,
    0.47700002789497375,
    0.49000000953674316,
    0.4520000219345093,
    0.4610000252723694,
    0.48000001907348633,
    0.49800002574920654,
    0.45500001311302185,
    0.4930000305175781,
    0.4570000171661377
   ]
  }
 },
 "depth_vs_K": {
  "0": 4.403683662414551,
  "1": 2.7645673751831055,
  "2": 5.0570573806762695,
  "3": 5.762238025665283,
  "4": 5.976247310638428
 },
 "corr_ans_sur0": -0.46322816610336304
}