{
 "seed": 2,
 "persist_acc": 0.7198333144187927,
 "fixed_frontier": [
  [
   0.281333327293396,
   1.0
  ],
  [
   0.4701666533946991,
   2.0
  ],
  [
   0.5948333144187927,
   3.0
  ],
  [
   0.6983333230018616,
   4.0
  ],
  [
   0.7118332982063293,
   5.0
  ],
  [
   0.7198333144187927,
   6.0
  ]
 ],
 "arms": {
  "entropy": {
   "tau": 0.00013624307757709175,
   "acc": 0.6668333411216736,
   "steps": 5.472166538238525,
   "gap_vs_persist_pp": -5.299997329711914,
   "corr_ans": -0.45920905470848083,
   "decomposition": {
    "early_wrong": 0.07916666666666666,
    "early_right": 0.030833333333333334,
    "budget_right": 0.636,
    "budget_wrong": 0.254
   },
   "curve": [
    [
     5.472166538238525,
     0.6668333411216736
    ],
    [
     3.9036667346954346,
     0.5048333406448364
    ],
    [
     3.0303332805633545,
     0.41716665029525757
    ],
    [
     2.5313332080841064,
     0.3893333375453949
    ],
    [
     2.4078333377838135,
     0.37833333015441895
    ],
    [
     2.3323333263397217,
     0.37299999594688416
    ],
    [
     2.2309999465942383,
     0.3633333146572113
    ],
    [
     2.0964999198913574,
     0.3529999852180481
    ],
    [
     1.9771666526794434,
     0.34416666626930237
    ],
    [
     1.8704999685287476,
     0.3414999842643738
    ],
    [
     1.7478333711624146,
     0.335833340883255
    ],
    [
     1.618499994277954,
     0.33266666531562805
    ],
    [
     1.471500039100647,
     0.32749998569488525
    ],
    [
     1.3106666803359985,
     0.320166677236557
    ],
    [
     1.0954999923706055,
     0.29766666889190674
    ]
   ]
  },
  "conv": {
   "tau": 0.01548277959227562,
   "acc": 0.7199999690055847,
   "steps": 4.7726664543151855,
   "gap_vs_persist_pp": 0.01666545867919922,
   "corr_ans": 0.15146958827972412,
   "decomposition": {
    "early_wrong": 0.014,
    "early_right": 0.4205,
    "budget_right": 0.2995,
    "budget_wrong": 0.266
   },
   "curve": [
    [
     5.845999717712402,
     0.7198333144187927
    ],
    [
     5.536999702453613,
     0.7198333144187927
    ],
    [
     5.291500091552734,
     0.7198333144187927
    ],
    [
     5.090666770935059,
     0.7198333144187927
    ],
    [
     4.897833347320557,
     0.7198333144187927
    ],
    [
     4.7726664543151855,
     0.7199999690055847
    ],
    [
     4.602333068847656,
     0.7206666469573975
    ],
    [
     4.371166706085205,
     0.7201666831970215
    ],
    [
     4.090000152587891,
     0.7201666831970215
    ],
    [
     3.7743332386016846,
     0.7114999890327454
    ],
    [
     3.431666612625122,
     0.6938333511352539
    ],
    [
     3.1051666736602783,
     0.6726666688919067
    ],
    [
     2.7776665687561035,
     0.6470000147819519
    ],
    [
     2.429166555404663,
     0.5824999809265137
    ],
    [
     2.0839998722076416,
     0.4886666536331177
    ]
   ]
  },
  "dstate": {
   "tau": 0.052802905440330505,
   "acc": 0.7198333144187927,
   "steps": 5.955666542053223,
   "gap_vs_persist_pp": 0.0,
   "corr_ans": 0.058859530836343765,
   "decomposition": {
    "early_wrong": 0.010833333333333334,
    "early_right": 0.019,
    "budget_right": 0.7008333333333333,
    "budget_wrong": 0.2693333333333333
   },
   "curve": [
    [
     5.955666542053223,
     0.7198333144187927
    ],
    [
     5.707666397094727,
     0.7201666831970215
    ],
    [
     5.434499740600586,
     0.7163333296775818
    ],
    [
     5.169833183288574,
     0.7133333086967468
    ],
    [
     4.883833408355713,
     0.7083333134651184
    ],
    [
     4.556666851043701,
     0.7026666402816772
    ],
    [
     4.203000068664551,
     0.6901666522026062
    ],
    [
     3.864666700363159,
     0.6778333187103271
    ],
    [
     3.5226666927337646,
     0.6653333306312561
    ],
    [
     3.117500066757202,
     0.643833339214325
    ],
    [
     2.631999969482422,
     0.5691666603088379
    ],
    [
     2.1448333263397217,
     0.49666666984558105
    ],
    [
     1.6891666650772095,
     0.41716665029525757
    ],
    [
     1.3146666288375854,
     0.3474999964237213
    ],
    [
     1.0164999961853027,
     0.2861666679382324
    ]
   ]
  },
  "recon": {
   "tau": 0.07420308887958527,
   "acc": 0.6633332967758179,
   "steps": 5.412166595458984,
   "gap_vs_persist_pp": -5.650001764297485,
   "corr_ans": -0.26910966634750366,
   "decomposition": {
    "early_wrong": 0.0865,
    "early_right": 0.0315,
    "budget_right": 0.6318333333333334,
    "budget_wrong": 0.25016666666666665
   },
   "curve": [
    [
     5.412166595458984,
     0.6633332967758179
    ],
    [
     3.863333225250244,
     0.5195000171661377
    ],
    [
     3.2333333492279053,
     0.4598333239555359
    ],
    [
     2.928666591644287,
     0.4258333146572113
    ],
    [
     2.7309999465942383,
     0.40416666865348816
    ],
    [
     2.497166633605957,
     0.382833331823349
    ],
    [
     2.2898333072662354,
     0.37183332443237305
    ],
    [
     2.0856666564941406,
     0.359499990940094
    ],
    [
     1.8809999227523804,
     0.34849998354911804
    ],
    [
     1.683666706085205,
     0.34066665172576904
    ],
    [
     1.4988332986831665,
     0.3323333263397217
    ],
    [
     1.3618333339691162,
     0.32616665959358215
    ],
    [
     1.27566659450531,
     0.320499986410141
    ],
    [
     1.1899999380111694,
     0.3083333373069763
    ],
    [
     1.0096666812896729,
     0.28216665983200073
    ]
   ]
  }
 },
 "random_curve": [
  [
   1.0,
   0.281333327293396
  ],
  [
   2.0209999084472656,
   0.4503333270549774
  ],
  [
   3.01200008392334,
   0.559499979019165
  ],
  [
   3.5421667098999023,
   0.5874999761581421
  ],
  [
   3.5166666507720947,
   0.5773333311080933
  ],
  [
   3.4523332118988037,
   0.5773333311080933
  ]
 ]
}