{
 "seed": 5,
 "persist_acc": 0.715499997138977,
 "fixed_frontier": [
  [
   0.2933333218097687,
   1.0
  ],
  [
   0.4729999899864197,
   2.0
  ],
  [
   0.6008333563804626,
   3.0
  ],
  [
   0.6956666707992554,
   4.0
  ],
  [
   0.7146666646003723,
   5.0
  ],
  [
   0.715499997138977,
   6.0
  ]
 ],
 "arms": {
  "entropy": {
   "tau": 0.00014708821254316717,
   "acc": 0.6589999794960022,
   "steps": 5.4023332595825195,
   "gap_vs_persist_pp": -5.650001764297485,
   "corr_ans": -0.4673873782157898,
   "decomposition": {
    "early_wrong": 0.08616666666666667,
    "early_right": 0.0365,
    "budget_right": 0.6225,
    "budget_wrong": 0.25483333333333336
   },
   "curve": [
    [
     5.4023332595825195,
     0.6589999794960022
    ],
    [
     3.754333257675171,
     0.4950000047683716
    ],
    [
     2.862499952316284,
     0.4166666567325592
    ],
    [
     2.4638333320617676,
     0.38999998569488525
    ],
    [
     2.373666524887085,
     0.3799999952316284
    ],
    [
     2.300333261489868,
     0.3723333179950714
    ],
    [
     2.2066667079925537,
     0.36283332109451294
    ],
    [
     2.0761666297912598,
     0.35366666316986084
    ],
    [
     1.9446666240692139,
     0.34583333134651184
    ],
    [
     1.8453333377838135,
     0.34299999475479126
    ],
    [
     1.7423332929611206,
     0.33816665410995483
    ],
    [
     1.6234999895095825,
     0.33383333683013916
    ],
    [
     1.4808332920074463,
     0.32883334159851074
    ],
    [
     1.306666612625122,
     0.3231666684150696
    ],
    [
     1.1028332710266113,
     0.304833322763443
    ]
   ]
  },
  "conv": {
   "tau": 0.07492489367723465,
   "acc": 0.7151666879653931,
   "steps": 4.354666709899902,
   "gap_vs_persist_pp": -0.03333091735839844,
   "corr_ans": 0.15276837348937988,
   "decomposition": {
    "early_wrong": 0.12333333333333334,
    "early_right": 0.558,
    "budget_right": 0.15716666666666668,
    "budget_wrong": 0.1615
   },
   "curve": [
    [
     5.888999938964844,
     0.715499997138977
    ],
    [
     5.581833362579346,
     0.715499997138977
    ],
    [
     5.295666694641113,
     0.715499997138977
    ],
    [
     5.0879998207092285,
     0.715499997138977
    ],
    [
     4.885166645050049,
     0.715499997138977
    ],
    [
     4.74833345413208,
     0.715499997138977
    ],
    [
     4.5794997215271,
     0.715666651725769
    ],
    [
     4.354666709899902,
     0.7151666879653931
    ],
    [
     4.074666500091553,
     0.7095000147819519
    ],
    [
     3.750999927520752,
     0.7036666870117188
    ],
    [
     3.4186666011810303,
     0.6916666626930237
    ],
    [
     3.1069998741149902,
     0.6776666641235352
    ],
    [
     2.7723333835601807,
     0.6508333086967468
    ],
    [
     2.4191665649414062,
     0.5820000171661377
    ],
    [
     2.0951666831970215,
     0.4950000047683716
    ]
   ]
  },
  "dstate": {
   "tau": 0.04435412958264351,
   "acc": 0.7160000205039978,
   "steps": 5.961666584014893,
   "gap_vs_persist_pp": 0.050002336502075195,
   "corr_ans": 0.03407570719718933,
   "decomposition": {
    "early_wrong": 0.005666666666666667,
    "early_right": 0.018833333333333334,
    "budget_right": 0.6971666666666667,
    "budget_wrong": 0.2783333333333333
   },
   "curve": [
    [
     5.961666584014893,
     0.7160000205039978
    ],
    [
     5.71150016784668,
     0.7136666774749756
    ],
    [
     5.430333137512207,
     0.7118332982063293
    ],
    [
     5.1605000495910645,
     0.7093333005905151
    ],
    [
     4.879666805267334,
     0.7059999704360962
    ],
    [
     4.561999797821045,
     0.6974999904632568
    ],
    [
     4.217833518981934,
     0.6869999766349792
    ],
    [
     3.865499973297119,
     0.6791666746139526
    ],
    [
     3.49483323097229,
     0.6658333539962769
    ],
    [
     3.111999988555908,
     0.6448333263397217
    ],
    [
     2.6468334197998047,
     0.577833354473114
    ],
    [
     2.1476666927337646,
     0.5049999952316284
    ],
    [
     1.7013332843780518,
     0.4235000014305115
    ],
    [
     1.3318333625793457,
     0.35716667771339417
    ],
    [
     1.0241667032241821,
     0.2985000014305115
    ]
   ]
  },
  "recon": {
   "tau": 0.07640555500984192,
   "acc": 0.6573333144187927,
   "steps": 5.370333194732666,
   "gap_vs_persist_pp": -5.816668272018433,
   "corr_ans": -0.2516338527202606,
   "decomposition": {
    "early_wrong": 0.09016666666666667,
    "early_right": 0.035833333333333335,
    "budget_right": 0.6215,
    "budget_wrong": 0.2525
   },
   "curve": [
    [
     5.370333194732666,
     0.6573333144187927
    ],
    [
     3.803666591644287,
     0.518666684627533
    ],
    [
     3.2338333129882812,
     0.46033331751823425
    ],
    [
     2.92549991607666,
     0.43183332681655884
    ],
    [
     2.7295000553131104,
     0.41200000047683716
    ],
    [
     2.4831666946411133,
     0.39149999618530273
    ],
    [
     2.2799999713897705,
     0.3778333365917206
    ],
    [
     2.0880000591278076,
     0.3700000047683716
    ],
    [
     1.8860000371932983,
     0.3618333339691162
    ],
    [
     1.6771667003631592,
     0.3513333201408386
    ],
    [
     1.49399995803833,
     0.343833327293396
    ],
    [
     1.3533333539962769,
     0.336166650056839
    ],
    [
     1.2704999446868896,
     0.3296666741371155
    ],
    [
     1.2261666059494019,
     0.3251666724681854
    ],
    [
     1.0141667127609253,
     0.2939999997615814
    ]
   ]
  }
 },
 "random_curve": [
  [
   1.0,
   0.2933333218097687
  ],
  [
   1.9931666851043701,
   0.4573333263397217
  ],
  [
   2.9861667156219482,
   0.5615000128746033
  ],
  [
   3.4769999980926514,
   0.5891666412353516
  ],
  [
   3.495166540145874,
   0.5826666355133057
  ],
  [
   3.5169999599456787,
   0.5821666717529297
  ]
 ]
}