{
 "seed": 5,
 "configs": {
  "fixed": {
   "acc": 0.43125002086162567,
   "steps": 6.000000476837158,
   "acc_q": [
    0.39900001883506775,
    0.44600000977516174,
    0.4310000240802765,
    0.44300001859664917,
    0.4150000214576721,
    0.4400000274181366,
    0.453000009059906,
    0.4400000274181366,
    0.4140000343322754,
    0.44300001859664917,
    0.42500001192092896,
    0.42600002884864807
   ]
  },
  "+halt": {
   "acc": 0.28975001474221546,
   "steps": 1.8218334317207336,
   "acc_q": [
    0.26900002360343933,
    0.29600000381469727,
    0.28200000524520874,
    0.26200002431869507,
    0.31300002336502075,
    0.28200000524520874,
    0.30900001525878906,
    0.2939999997615814,
    0.29200002551078796,
    0.28300002217292786,
    0.29600000381469727,
    0.2990000247955322
   ]
  },
  "persist": {
   "acc": 0.7147500291466713,
   "steps": 6.000000476837158,
   "acc_q": [
    0.39900001883506775,
    0.5670000314712524,
    0.6920000314712524,
    0.7600000500679016,
    0.7790000438690186,
    0.7750000357627869,
    0.7860000133514404,
    0.7570000290870667,
    0.7750000357627869,
    0.7710000276565552,
    0.7680000066757202,
    0.7480000257492065
   ]
  },
  "both": {
   "acc": 0.44333335757255554,
   "steps": 3.310666799545288,
   "acc_q": [
    0.3320000171661377,
    0.3630000054836273,
    0.4100000262260437,
    0.42600002884864807,
    0.5100000500679016,
    0.46400001645088196,
    0.49000000953674316,
    0.4660000205039978,
    0.48900002241134644,
    0.4580000340938568,
    0.45100003480911255,
    0.4610000252723694
   ]
  }
 },
 "depth_vs_K": {
  "0": 4.630451679229736,
  "1": 2.755678176879883,
  "2": 4.995645999908447,
  "3": 5.784222602844238,
  "4": 5.957447052001953
 },
 "corr_ans_sur0": -0.46176838874816895
}