{
 "seed": 7,
 "persist_acc": 0.7153333425521851,
 "fixed_frontier": [
  [
   0.2941666543483734,
   1.0
  ],
  [
   0.47833332419395447,
   2.0
  ],
  [
   0.6184999942779541,
   3.0
  ],
  [
   0.7070000171661377,
   4.0
  ],
  [
   0.7148333191871643,
   5.0
  ],
  [
   0.7153333425521851,
   6.0
  ]
 ],
 "arms": {
  "entropy": {
   "tau": 0.00012749512097798288,
   "acc": 0.6658333539962769,
   "steps": 5.508833408355713,
   "gap_vs_persist_pp": -4.94999885559082,
   "corr_ans": -0.4367252588272095,
   "decomposition": {
    "early_wrong": 0.07316666666666667,
    "early_right": 0.027166666666666665,
    "budget_right": 0.6386666666666667,
    "budget_wrong": 0.261
   },
   "curve": [
    [
     5.508833408355713,
     0.6658333539962769
    ],
    [
     3.805000066757202,
     0.500166654586792
    ],
    [
     2.9713332653045654,
     0.4206666648387909
    ],
    [
     2.5173332691192627,
     0.3959999978542328
    ],
    [
     2.4200000762939453,
     0.3876666724681854
    ],
    [
     2.3488333225250244,
     0.38066667318344116
    ],
    [
     2.246166706085205,
     0.3708333373069763
    ],
    [
     2.1073334217071533,
     0.35899999737739563
    ],
    [
     1.9868333339691162,
     0.34966665506362915
    ],
    [
     1.9041666984558105,
     0.34683331847190857
    ],
    [
     1.8033332824707031,
     0.3451666533946991
    ],
    [
     1.6761666536331177,
     0.343666672706604
    ],
    [
     1.5195000171661377,
     0.33783331513404846
    ],
    [
     1.346833348274231,
     0.33016666769981384
    ],
    [
     1.1085000038146973,
     0.31033334136009216
    ]
   ]
  },
  "conv": {
   "tau": 1.046885154210031e-05,
   "acc": 0.7153333425521851,
   "steps": 5.877166748046875,
   "gap_vs_persist_pp": 0.0,
   "corr_ans": 0.13490548729896545,
   "decomposition": {
    "early_wrong": 0.0,
    "early_right": 0.0455,
    "budget_right": 0.6698333333333333,
    "budget_wrong": 0.2846666666666667
   },
   "curve": [
    [
     5.877166748046875,
     0.7153333425521851
    ],
    [
     5.536166667938232,
     0.7153333425521851
    ],
    [
     5.2845001220703125,
     0.7153333425521851
    ],
    [
     5.083333492279053,
     0.7153333425521851
    ],
    [
     4.892666816711426,
     0.715499997138977
    ],
    [
     4.758999824523926,
     0.715499997138977
    ],
    [
     4.609499931335449,
     0.7153333425521851
    ],
    [
     4.391333103179932,
     0.7151666879653931
    ],
    [
     4.0926666259765625,
     0.7148333191871643
    ],
    [
     3.7289998531341553,
     0.7081666588783264
    ],
    [
     3.378499984741211,
     0.6981666684150696
    ],
    [
     3.0738332271575928,
     0.6848333477973938
    ],
    [
     2.748833417892456,
     0.6581666469573975
    ],
    [
     2.433333396911621,
     0.6003333330154419
    ],
    [
     2.0953333377838135,
     0.5053333044052124
    ]
   ]
  },
  "dstate": {
   "tau": 0.04685363173484802,
   "acc": 0.715833306312561,
   "steps": 5.957666397094727,
   "gap_vs_persist_pp": 0.049996376037597656,
   "corr_ans": 0.04445841535925865,
   "decomposition": {
    "early_wrong": 0.008833333333333334,
    "early_right": 0.016666666666666666,
    "budget_right": 0.6991666666666667,
    "budget_wrong": 0.2753333333333333
   },
   "curve": [
    [
     5.957666397094727,
     0.715833306312561
    ],
    [
     5.708499908447266,
     0.7136666774749756
    ],
    [
     5.436999797821045,
     0.7114999890327454
    ],
    [
     5.170000076293945,
     0.7076666355133057
    ],
    [
     4.86899995803833,
     0.7059999704360962
    ],
    [
     4.51966667175293,
     0.6984999775886536
    ],
    [
     4.164999961853027,
     0.687999963760376
    ],
    [
     3.811500072479248,
     0.6825000047683716
    ],
    [
     3.4688332080841064,
     0.6758333444595337
    ],
    [
     3.0948333740234375,
     0.6585000157356262
    ],
    [
     2.623166561126709,
     0.5891666412353516
    ],
    [
     2.121166706085205,
     0.5115000009536743
    ],
    [
     1.684000015258789,
     0.4286666512489319
    ],
    [
     1.3318333625793457,
     0.3619999885559082
    ],
    [
     1.024666666984558,
     0.29883334040641785
    ]
   ]
  },
  "recon": {
   "tau": 0.07506600767374039,
   "acc": 0.6638333201408386,
   "steps": 5.422500133514404,
   "gap_vs_persist_pp": -5.1500022411346436,
   "corr_ans": -0.23600026965141296,
   "decomposition": {
    "early_wrong": 0.08283333333333333,
    "early_right": 0.03266666666666666,
    "budget_right": 0.6311666666666667,
    "budget_wrong": 0.25333333333333335
   },
   "curve": [
    [
     5.422500133514404,
     0.6638333201408386
    ],
    [
     3.874833345413208,
     0.5256666541099548
    ],
    [
     3.2723333835601807,
     0.4658333361148834
    ],
    [
     2.9858334064483643,
     0.43816664814949036
    ],
    [
     2.7691667079925537,
     0.41983333230018616
    ],
    [
     2.5413331985473633,
     0.3961666524410248
    ],
    [
     2.3491666316986084,
     0.38099998235702515
    ],
    [
     2.1700000762939453,
     0.3723333179950714
    ],
    [
     1.9856666326522827,
     0.3634999990463257
    ],
    [
     1.7773332595825195,
     0.35733333230018616
    ],
    [
     1.5891666412353516,
     0.34599998593330383
    ],
    [
     1.4156666994094849,
     0.33666667342185974
    ],
    [
     1.253333330154419,
     0.3229999840259552
    ],
    [
     1.1349999904632568,
     0.31033334136009216
    ],
    [
     1.0083333253860474,
     0.2941666543483734
    ]
   ]
  }
 },
 "random_curve": [
  [
   1.0,
   0.2941666543483734
  ],
  [
   2.0141665935516357,
   0.4619999825954437
  ],
  [
   2.995666742324829,
   0.5651666522026062
  ],
  [
   3.507499933242798,
   0.593833327293396
  ],
  [
   3.4679999351501465,
   0.5883333086967468
  ],
  [
   3.4704999923706055,
   0.5816666483879089
  ]
 ]
}