{
 "seed": 6,
 "persist_acc": 0.7356666326522827,
 "fixed_frontier": [
  [
   0.28450000286102295,
   1.0
  ],
  [
   0.47716665267944336,
   2.0
  ],
  [
   0.6048333048820496,
   3.0
  ],
  [
   0.7078333497047424,
   4.0
  ],
  [
   0.7286666631698608,
   5.0
  ],
  [
   0.7356666326522827,
   6.0
  ]
 ],
 "arms": {
  "entropy": {
   "tau": 0.0001415734295733273,
   "acc": 0.6858333349227905,
   "steps": 5.460666656494141,
   "gap_vs_persist_pp": -4.983329772949219,
   "corr_ans": -0.4817820191383362,
   "decomposition": {
    "early_wrong": 0.075,
    "early_right": 0.037333333333333336,
    "budget_right": 0.6485,
    "budget_wrong": 0.23916666666666667
   },
   "curve": [
    [
     5.460666656494141,
     0.6858333349227905
    ],
    [
     3.7821667194366455,
     0.5091666579246521
    ],
    [
     2.9166667461395264,
     0.4266666769981384
    ],
    [
     2.5188333988189697,
     0.4013333320617676
    ],
    [
     2.4213333129882812,
     0.39133334159851074
    ],
    [
     2.3475000858306885,
     0.3843333423137665
    ],
    [
     2.247333288192749,
     0.37599998712539673
    ],
    [
     2.1048333644866943,
     0.36283332109451294
    ],
    [
     1.9756666421890259,
     0.3553333282470703
    ],
    [
     1.8766666650772095,
     0.3499999940395355
    ],
    [
     1.775166630744934,
     0.34549999237060547
    ],
    [
     1.6489999294281006,
     0.34183332324028015
    ],
    [
     1.50083327293396,
     0.3348333239555359
    ],
    [
     1.3293333053588867,
     0.32850000262260437
    ],
    [
     1.1015000343322754,
     0.30399999022483826
    ]
   ]
  },
  "conv": {
   "tau": 0.035411372780799866,
   "acc": 0.734833300113678,
   "steps": 4.627500057220459,
   "gap_vs_persist_pp": -0.08333325386047363,
   "corr_ans": 0.16139118373394012,
   "decomposition": {
    "early_wrong": 0.050166666666666665,
    "early_right": 0.4725,
    "budget_right": 0.2623333333333333,
    "budget_wrong": 0.215
   },
   "curve": [
    [
     5.892166614532471,
     0.7356666326522827
    ],
    [
     5.556833267211914,
     0.7356666326522827
    ],
    [
     5.300166606903076,
     0.7356666326522827
    ],
    [
     5.117000102996826,
     0.7356666326522827
    ],
    [
     4.927666664123535,
     0.7356666326522827
    ],
    [
     4.791333198547363,
     0.7353333234786987
    ],
    [
     4.627500057220459,
     0.734833300113678
    ],
    [
     4.4014997482299805,
     0.7364999651908875
    ],
    [
     4.11466646194458,
     0.7329999804496765
    ],
    [
     3.806666612625122,
     0.7269999980926514
    ],
    [
     3.4621665477752686,
     0.7045000195503235
    ],
    [
     3.1419999599456787,
     0.6831666827201843
    ],
    [
     2.810833215713501,
     0.6603333353996277
    ],
    [
     2.4601666927337646,
     0.5960000157356262
    ],
    [
     2.0943334102630615,
     0.4976666569709778
    ]
   ]
  },
  "dstate": {
   "tau": 0.05093710497021675,
   "acc": 0.7358333468437195,
   "steps": 5.9579997062683105,
   "gap_vs_persist_pp": 0.016671419143676758,
   "corr_ans": 0.06903345882892609,
   "decomposition": {
    "early_wrong": 0.008666666666666666,
    "early_right": 0.019166666666666665,
    "budget_right": 0.7166666666666667,
    "budget_wrong": 0.2555
   },
   "curve": [
    [
     5.9579997062683105,
     0.7358333468437195
    ],
    [
     5.705999851226807,
     0.7331666350364685
    ],
    [
     5.457499980926514,
     0.7318333387374878
    ],
    [
     5.207333087921143,
     0.7271666526794434
    ],
    [
     4.918666839599609,
     0.7213333249092102
    ],
    [
     4.608500003814697,
     0.7145000100135803
    ],
    [
     4.269000053405762,
     0.699833333492279
    ],
    [
     3.928666591644287,
     0.6871666312217712
    ],
    [
     3.5776665210723877,
     0.6779999732971191
    ],
    [
     3.188499927520752,
     0.6549999713897705
    ],
    [
     2.7153332233428955,
     0.5843333005905151
    ],
    [
     2.2174999713897705,
     0.5128333568572998
    ],
    [
     1.7521666288375854,
     0.4321666657924652
    ],
    [
     1.3553333282470703,
     0.35850000381469727
    ],
    [
     1.0216666460037231,
     0.28833332657814026
    ]
   ]
  },
  "recon": {
   "tau": 0.0748591423034668,
   "acc": 0.6761666536331177,
   "steps": 5.351500034332275,
   "gap_vs_persist_pp": -5.949997901916504,
   "corr_ans": -0.28095749020576477,
   "decomposition": {
    "early_wrong": 0.09083333333333334,
    "early_right": 0.039,
    "budget_right": 0.6371666666666667,
    "budget_wrong": 0.233
   },
   "curve": [
    [
     5.351500034332275,
     0.6761666536331177
    ],
    [
     3.7168333530426025,
     0.5171666741371155
    ],
    [
     3.198166608810425,
     0.4675000011920929
    ],
    [
     2.92549991607666,
     0.43799999356269836
    ],
    [
     2.7256665229797363,
     0.4179999828338623
    ],
    [
     2.484499931335449,
     0.3935000002384186
    ],
    [
     2.305500030517578,
     0.382999986410141
    ],
    [
     2.120333194732666,
     0.37450000643730164
    ],
    [
     1.9225000143051147,
     0.36500000953674316
    ],
    [
     1.7111666202545166,
     0.35333332419395447
    ],
    [
     1.50600004196167,
     0.33783331513404846
    ],
    [
     1.3571666479110718,
     0.32983332872390747
    ],
    [
     1.2415000200271606,
     0.3186666667461395
    ],
    [
     1.1271666288375854,
     0.3009999990463257
    ],
    [
     1.0099999904632568,
     0.2841666638851166
    ]
   ]
  }
 },
 "random_curve": [
  [
   1.0,
   0.28450000286102295
  ],
  [
   1.9978333711624146,
   0.4569999873638153
  ],
  [
   3.0266666412353516,
   0.5638333559036255
  ],
  [
   3.504666566848755,
   0.5863333344459534
  ],
  [
   3.5216665267944336,
   0.5973333120346069
  ],
  [
   3.4830000400543213,
   0.5961666703224182
  ]
 ]
}