{
 "seed": 8,
 "configs": {
  "fixed": {
   "acc": 0.43166668713092804,
   "steps": 6.000000476837158,
   "acc_q": [
    0.43300002813339233,
    0.4190000295639038,
    0.41200003027915955,
    0.4190000295639038,
    0.4320000112056732,
    0.44600000977516174,
    0.4390000104904175,
    0.4410000145435333,
    0.3960000276565552,
    0.4300000071525574,
    0.45500001311302185,
    0.4580000340938568
   ]
  },
  "+halt": {
   "acc": 0.29766668130954105,
   "steps": 1.929083416859309,
   "acc_q": [
    0.328000009059906,
    0.2750000059604645,
    0.29500001668930054,
    0.3050000071525574,
    0.2710000276565552,
    0.2980000078678131,
    0.27000001072883606,
    0.31200000643730164,
    0.2670000195503235,
    0.3060000240802765,
    0.3150000274181366,
    0.33000001311302185
   ]
  },
  "persist": {
   "acc": 0.7160833726326624,
   "steps": 6.000000476837158,
   "acc_q": [
    0.43300002813339233,
    0.5750000476837158,
    0.7050000429153442,
    0.7360000610351562,
    0.753000020980835,
    0.7740000486373901,
    0.7900000214576721,
    0.7820000648498535,
    0.7490000128746033,
    0.7590000629425049,
    0.7630000114440918,
    0.7740000486373901
   ]
  },
  "both": {
   "acc": 0.4500833551088969,
   "steps": 3.3350001772244773,
   "acc_q": [
    0.37400001287460327,
    0.39000001549720764,
    0.4350000321865082,
    0.4540000259876251,
    0.4520000219345093,
    0.5040000081062317,
    0.4580000340938568,
    0.45600003004074097,
    0.45100003480911255,
    0.47600001096725464,
    0.4750000238418579,
    0.47600001096725464
   ]
  }
 },
 "depth_vs_K": {
  "0": 4.8256659507751465,
  "1": 2.6747279167175293,
  "2": 5.107089042663574,
  "3": 5.799569129943848,
  "4": 5.938823223114014
 },
 "corr_ans_sur0": -0.4505643844604492
}