{
 "seed": 0,
 "persist_acc": 0.7223333120346069,
 "fixed_frontier": [
  [
   0.29649999737739563,
   1.0
  ],
  [
   0.4881666600704193,
   2.0
  ],
  [
   0.6201666593551636,
   3.0
  ],
  [
   0.7081666588783264,
   4.0
  ],
  [
   0.7174999713897705,
   5.0
  ],
  [
   0.7223333120346069,
   6.0
  ]
 ],
 "arms": {
  "entropy": {
   "tau": 0.0001522482343716547,
   "acc": 0.6656666398048401,
   "steps": 5.459000110626221,
   "gap_vs_persist_pp": -5.666667222976685,
   "corr_ans": -0.43251681327819824,
   "decomposition": {
    "early_wrong": 0.08383333333333333,
    "early_right": 0.027166666666666665,
    "budget_right": 0.6385,
    "budget_wrong": 0.2505
   },
   "curve": [
    [
     5.459000110626221,
     0.6656666398048401
    ],
    [
     3.8983333110809326,
     0.5046666860580444
    ],
    [
     3.0134999752044678,
     0.4205000102519989
    ],
    [
     2.5295000076293945,
     0.3943333327770233
    ],
    [
     2.379999876022339,
     0.3853333294391632
    ],
    [
     2.312166690826416,
     0.3798333406448364
    ],
    [
     2.2188332080841064,
     0.3725000023841858
    ],
    [
     2.0876667499542236,
     0.36166664958000183
    ],
    [
     1.9473333358764648,
     0.3526666760444641
    ],
    [
     1.847666621208191,
     0.34816667437553406
    ],
    [
     1.7431666851043701,
     0.3448333442211151
    ],
    [
     1.6131666898727417,
     0.3398333191871643
    ],
    [
     1.4778332710266113,
     0.33533331751823425
    ],
    [
     1.3198332786560059,
     0.32833331823349
    ],
    [
     1.097833275794983,
     0.3083333373069763
    ]
   ]
  },
  "conv": {
   "tau": 0.015303784981369972,
   "acc": 0.7223333120346069,
   "steps": 4.740333080291748,
   "gap_vs_persist_pp": 0.0,
   "corr_ans": 0.12256404012441635,
   "decomposition": {
    "early_wrong": 0.0155,
    "early_right": 0.41833333333333333,
    "budget_right": 0.304,
    "budget_wrong": 0.26216666666666666
   },
   "curve": [
    [
     5.848333358764648,
     0.7223333120346069
    ],
    [
     5.50933313369751,
     0.7224999666213989
    ],
    [
     5.24399995803833,
     0.7224999666213989
    ],
    [
     5.06416654586792,
     0.7224999666213989
    ],
    [
     4.87666654586792,
     0.7224999666213989
    ],
    [
     4.740333080291748,
     0.7223333120346069
    ],
    [
     4.5873332023620605,
     0.7213333249092102
    ],
    [
     4.358500003814697,
     0.7203333377838135
    ],
    [
     4.062999725341797,
     0.7171666622161865
    ],
    [
     3.7074999809265137,
     0.7114999890327454
    ],
    [
     3.370833396911621,
     0.6990000009536743
    ],
    [
     3.073499917984009,
     0.6854999661445618
    ],
    [
     2.747333288192749,
     0.6624999642372131
    ],
    [
     2.4196665287017822,
     0.5986666679382324
    ],
    [
     2.0869998931884766,
     0.5096666812896729
    ]
   ]
  },
  "dstate": {
   "tau": 0.048122894018888474,
   "acc": 0.722000002861023,
   "steps": 5.950500011444092,
   "gap_vs_persist_pp": -0.03333091735839844,
   "corr_ans": 0.032509978860616684,
   "decomposition": {
    "early_wrong": 0.011,
    "early_right": 0.021333333333333333,
    "budget_right": 0.7006666666666667,
    "budget_wrong": 0.267
   },
   "curve": [
    [
     5.950500011444092,
     0.722000002861023
    ],
    [
     5.723333358764648,
     0.7206666469573975
    ],
    [
     5.437999725341797,
     0.718500018119812
    ],
    [
     5.156000137329102,
     0.7141666412353516
    ],
    [
     4.855166435241699,
     0.7096666693687439
    ],
    [
     4.524499893188477,
     0.7024999856948853
    ],
    [
     4.177833080291748,
     0.6901666522026062
    ],
    [
     3.819999933242798,
     0.684166669845581
    ],
    [
     3.4536666870117188,
     0.6735000014305115
    ],
    [
     3.0936665534973145,
     0.6576666831970215
    ],
    [
     2.620833396911621,
     0.5918333530426025
    ],
    [
     2.131666660308838,
     0.5199999809265137
    ],
    [
     1.6828333139419556,
     0.43799999356269836
    ],
    [
     1.3224999904632568,
     0.36766666173934937
    ],
    [
     1.0193333625793457,
     0.3008333444595337
    ]
   ]
  },
  "recon": {
   "tau": 0.07603907585144043,
   "acc": 0.6685000061988831,
   "steps": 5.434333324432373,
   "gap_vs_persist_pp": -5.383330583572388,
   "corr_ans": -0.23907101154327393,
   "decomposition": {
    "early_wrong": 0.082,
    "early_right": 0.03133333333333333,
    "budget_right": 0.6371666666666667,
    "budget_wrong": 0.2495
   },
   "curve": [
    [
     5.434333324432373,
     0.6685000061988831
    ],
    [
     3.806833267211914,
     0.5189999938011169
    ],
    [
     3.2254998683929443,
     0.4648333191871643
    ],
    [
     2.9214999675750732,
     0.4350000023841858
    ],
    [
     2.7049999237060547,
     0.41349998116493225
    ],
    [
     2.491999864578247,
     0.39383333921432495
    ],
    [
     2.30566668510437,
     0.382999986410141
    ],
    [
     2.123166561126709,
     0.3726666569709778
    ],
    [
     1.9529999494552612,
     0.3688333332538605
    ],
    [
     1.7710000276565552,
     0.35999998450279236
    ],
    [
     1.5958333015441895,
     0.35116666555404663
    ],
    [
     1.437666654586792,
     0.3423333168029785
    ],
    [
     1.3168333768844604,
     0.33383333683013916
    ],
    [
     1.2358332872390747,
     0.32749998569488525
    ],
    [
     1.0483332872390747,
     0.3009999990463257
    ]
   ]
  }
 },
 "random_curve": [
  [
   1.0,
   0.29649999737739563
  ],
  [
   2.006999969482422,
   0.46833333373069763
  ],
  [
   3.0399999618530273,
   0.5683333277702332
  ],
  [
   3.4678332805633545,
   0.590499997138977
  ],
  [
   3.48883318901062,
   0.5954999923706055
  ],
  [
   3.497666597366333,
   0.6004999876022339
  ]
 ]
}