{
 "seed": 3,
 "configs": {
  "fixed": {
   "acc": 0.4360000242789586,
   "steps": 6.000000476837158,
   "acc_q": [
    0.44200003147125244,
    0.42100003361701965,
    0.43400001525878906,
    0.4490000307559967,
    0.445000022649765,
    0.43800002336502075,
    0.4180000126361847,
    0.43300002813339233,
    0.45900002121925354,
    0.445000022649765,
    0.41700002551078796,
    0.4310000240802765
   ]
  },
  "+halt": {
   "acc": 0.2875833511352539,
   "steps": 1.7019167443116505,
   "acc_q": [
    0.2970000207424164,
    0.27800002694129944,
    0.27900001406669617,
    0.29500001668930054,
    0.3020000159740448,
    0.2770000100135803,
    0.27900001406669617,
    0.27400001883506775,
    0.30100002884864807,
    0.28600001335144043,
    0.28600001335144043,
    0.2970000207424164
   ]
  },
  "persist": {
   "acc": 0.7146666944026947,
   "steps": 6.000000476837158,
   "acc_q": [
    0.44200003147125244,
    0.5900000333786011,
    0.6980000138282776,
    0.7430000305175781,
    0.7620000243186951,
    0.7540000081062317,
    0.7560000419616699,
    0.7800000309944153,
    0.7930000424385071,
    0.753000020980835,
    0.7480000257492065,
    0.7570000290870667
   ]
  },
  "both": {
   "acc": 0.44725001851717633,
   "steps": 3.3301667968432107,
   "acc_q": [
    0.37800002098083496,
    0.39000001549720764,
    0.41100001335144043,
    0.46400001645088196,
    0.4690000116825104,
    0.44200003147125244,
    0.47600001096725464,
    0.484000027179718,
    0.4930000305175781,
    0.453000009059906,
    0.43400001525878906,
    0.47300001978874207
   ]
  }
 },
 "depth_vs_K": {
  "0": 4.884263038635254,
  "1": 2.711711883544922,
  "2": 5.119424343109131,
  "3": 5.8107476234436035,
  "4": 5.963133811950684
 },
 "corr_ans_sur0": -0.44319215416908264
}