{
 "seed": 4,
 "configs": {
  "fixed": {
   "acc": 0.43541668852170307,
   "steps": 6.000000476837158,
   "acc_q": [
    0.43300002813339233,
    0.4320000112056732,
    0.4310000240802765,
    0.4230000078678131,
    0.4010000228881836,
    0.44700002670288086,
    0.45000001788139343,
    0.4490000307559967,
    0.4220000207424164,
    0.4570000171661377,
    0.45100003480911255,
    0.42900002002716064
   ]
  },
  "+halt": {
   "acc": 0.28750001390775043,
   "steps": 1.6936667660872142,
   "acc_q": [
    0.2840000092983246,
    0.28600001335144043,
    0.289000004529953,
    0.28300002217292786,
    0.2710000276565552,
    0.29100000858306885,
    0.2840000092983246,
    0.31800001859664917,
    0.2670000195503235,
    0.2939999997615814,
    0.3070000112056732,
    0.2760000228881836
   ]
  },
  "persist": {
   "acc": 0.7187500447034836,
   "steps": 6.000000476837158,
   "acc_q": [
    0.43300002813339233,
    0.5750000476837158,
    0.6840000152587891,
    0.7500000596046448,
    0.7550000548362732,
    0.7740000486373901,
    0.7590000629425049,
    0.7880000472068787,
    0.7640000581741333,
    0.7900000214576721,
    0.7820000648498535,
    0.7710000276565552
   ]
  },
  "both": {
   "acc": 0.44991668313741684,
   "steps": 3.329750140508016,
   "acc_q": [
    0.3530000150203705,
    0.3930000066757202,
    0.43700000643730164,
    0.453000009059906,
    0.46800002455711365,
    0.4690000116825104,
    0.48500001430511475,
    0.4930000305175781,
    0.45000001788139343,
    0.46800002455711365,
    0.4690000116825104,
    0.4610000252723694
   ]
  }
 },
 "depth_vs_K": {
  "0": 4.594003200531006,
  "1": 2.723113536834717,
  "2": 5.085554122924805,
  "3": 5.8380126953125,
  "4": 5.957447052001953
 },
 "corr_ans_sur0": -0.4511050879955292
}