{
 "seed": 3,
 "persist_acc": 0.7149999737739563,
 "fixed_frontier": [
  [
   0.2903333306312561,
   1.0
  ],
  [
   0.4738333225250244,
   2.0
  ],
  [
   0.6035000085830688,
   3.0
  ],
  [
   0.6996666789054871,
   4.0
  ],
  [
   0.7134999632835388,
   5.0
  ],
  [
   0.7149999737739563,
   6.0
  ]
 ],
 "arms": {
  "entropy": {
   "tau": 0.00016630756726954132,
   "acc": 0.656499981880188,
   "steps": 5.426499843597412,
   "gap_vs_persist_pp": -5.849999189376831,
   "corr_ans": -0.43546566367149353,
   "decomposition": {
    "early_wrong": 0.0895,
    "early_right": 0.028166666666666666,
    "budget_right": 0.6283333333333333,
    "budget_wrong": 0.254
   },
   "curve": [
    [
     5.426499843597412,
     0.656499981880188
    ],
    [
     3.8299999237060547,
     0.4970000088214874
    ],
    [
     2.939833402633667,
     0.41466665267944336
    ],
    [
     2.504333257675171,
     0.39233332872390747
    ],
    [
     2.382499933242798,
     0.3811666667461395
    ],
    [
     2.302999973297119,
     0.37466666102409363
    ],
    [
     2.2035000324249268,
     0.3675000071525574
    ],
    [
     2.073499917984009,
     0.35616666078567505
    ],
    [
     1.9531666040420532,
     0.3491666615009308
    ],
    [
     1.8561666011810303,
     0.3474999964237213
    ],
    [
     1.7381666898727417,
     0.3453333377838135
    ],
    [
     1.6130000352859497,
     0.3411666750907898
    ],
    [
     1.4594999551773071,
     0.33783331513404846
    ],
    [
     1.2906666994094849,
     0.3244999945163727
    ],
    [
     1.0888333320617676,
     0.3016666769981384
    ]
   ]
  },
  "conv": {
   "tau": 1.1677328984660562e-05,
   "acc": 0.7149999737739563,
   "steps": 5.9123334884643555,
   "gap_vs_persist_pp": 0.0,
   "corr_ans": 0.12297264486551285,
   "decomposition": {
    "early_wrong": 0.0,
    "early_right": 0.042333333333333334,
    "budget_right": 0.6726666666666666,
    "budget_wrong": 0.285
   },
   "curve": [
    [
     5.9123334884643555,
     0.7149999737739563
    ],
    [
     5.5980000495910645,
     0.7149999737739563
    ],
    [
     5.3381667137146,
     0.7149999737739563
    ],
    [
     5.106166839599609,
     0.7149999737739563
    ],
    [
     4.916666507720947,
     0.7149999737739563
    ],
    [
     4.7808332443237305,
     0.7149999737739563
    ],
    [
     4.607333183288574,
     0.7148333191871643
    ],
    [
     4.362166404724121,
     0.7153333425521851
    ],
    [
     4.053999900817871,
     0.7138333320617676
    ],
    [
     3.700833320617676,
     0.7078333497047424
    ],
    [
     3.3878333568573,
     0.690500020980835
    ],
    [
     3.1036665439605713,
     0.6784999966621399
    ],
    [
     2.7781665325164795,
     0.6493332982063293
    ],
    [
     2.427333354949951,
     0.5898333191871643
    ],
    [
     2.0878334045410156,
     0.4951666593551636
    ]
   ]
  },
  "dstate": {
   "tau": 0.08662383258342743,
   "acc": 0.715833306312561,
   "steps": 5.745833396911621,
   "gap_vs_persist_pp": 0.08333325386047363,
   "corr_ans": 0.048107121139764786,
   "decomposition": {
    "early_wrong": 0.0265,
    "early_right": 0.10383333333333333,
    "budget_right": 0.612,
    "budget_wrong": 0.25766666666666665
   },
   "curve": [
    [
     5.969333171844482,
     0.7151666879653931
    ],
    [
     5.745833396911621,
     0.715833306312561
    ],
    [
     5.491666793823242,
     0.7148333191871643
    ],
    [
     5.2223334312438965,
     0.7126666307449341
    ],
    [
     4.914999961853027,
     0.7083333134651184
    ],
    [
     4.595666408538818,
     0.7041666507720947
    ],
    [
     4.250833511352539,
     0.6936666369438171
    ],
    [
     3.887166738510132,
     0.6819999814033508
    ],
    [
     3.5336666107177734,
     0.671833336353302
    ],
    [
     3.131666660308838,
     0.6513333320617676
    ],
    [
     2.6528332233428955,
     0.5788333415985107
    ],
    [
     2.1456665992736816,
     0.503333330154419
    ],
    [
     1.7071666717529297,
     0.4273333251476288
    ],
    [
     1.3321666717529297,
     0.3564999997615814
    ],
    [
     1.032166600227356,
     0.29766666889190674
    ]
   ]
  },
  "recon": {
   "tau": 0.08455439656972885,
   "acc": 0.6521666646003723,
   "steps": 5.360666751861572,
   "gap_vs_persist_pp": -6.283330917358398,
   "corr_ans": -0.24832633137702942,
   "decomposition": {
    "early_wrong": 0.0965,
    "early_right": 0.032,
    "budget_right": 0.6201666666666666,
    "budget_wrong": 0.25133333333333335
   },
   "curve": [
    [
     5.360666751861572,
     0.6521666646003723
    ],
    [
     3.7619998455047607,
     0.5151666402816772
    ],
    [
     3.1616666316986084,
     0.45666664838790894
    ],
    [
     2.8878333568573,
     0.4271666705608368
    ],
    [
     2.676500082015991,
     0.406166672706604
    ],
    [
     2.439333200454712,
     0.3883333206176758
    ],
    [
     2.259166717529297,
     0.3790000081062317
    ],
    [
     2.058333396911621,
     0.3720000088214874
    ],
    [
     1.8821666240692139,
     0.3618333339691162
    ],
    [
     1.6828333139419556,
     0.3528333306312561
    ],
    [
     1.5083333253860474,
     0.3413333296775818
    ],
    [
     1.3663333654403687,
     0.3334999978542328
    ],
    [
     1.2315000295639038,
     0.320166677236557
    ],
    [
     1.1109999418258667,
     0.304833322763443
    ],
    [
     1.0113333463668823,
     0.29133331775665283
    ]
   ]
  }
 },
 "random_curve": [
  [
   1.0,
   0.2903333306312561
  ],
  [
   2.008166551589966,
   0.45783331990242004
  ],
  [
   3.004666566848755,
   0.559499979019165
  ],
  [
   3.5243332386016846,
   0.5816666483879089
  ],
  [
   3.498166561126709,
   0.5796666741371155
  ],
  [
   3.497166633605957,
   0.5816666483879089
  ]
 ]
}