{
 "seed": 4,
 "persist_acc": 0.7201666831970215,
 "fixed_frontier": [
  [
   0.2878333330154419,
   1.0
  ],
  [
   0.4855000078678131,
   2.0
  ],
  [
   0.6104999780654907,
   3.0
  ],
  [
   0.70333331823349,
   4.0
  ],
  [
   0.7183333039283752,
   5.0
  ],
  [
   0.7201666831970215,
   6.0
  ]
 ],
 "arms": {
  "entropy": {
   "tau": 0.00013214818318374455,
   "acc": 0.6635000109672546,
   "steps": 5.423666477203369,
   "gap_vs_persist_pp": -5.666667222976685,
   "corr_ans": -0.46771812438964844,
   "decomposition": {
    "early_wrong": 0.08566666666666667,
    "early_right": 0.03283333333333333,
    "budget_right": 0.6306666666666667,
    "budget_wrong": 0.25083333333333335
   },
   "curve": [
    [
     5.423666477203369,
     0.6635000109672546
    ],
    [
     3.756666660308838,
     0.49000000953674316
    ],
    [
     2.9019999504089355,
     0.4196666479110718
    ],
    [
     2.508166551589966,
     0.3943333327770233
    ],
    [
     2.3906667232513428,
     0.38316667079925537
    ],
    [
     2.316833257675171,
     0.37549999356269836
    ],
    [
     2.2116665840148926,
     0.36383333802223206
    ],
    [
     2.0896666049957275,
     0.3543333411216736
    ],
    [
     1.9564999341964722,
     0.34433332085609436
    ],
    [
     1.8571666479110718,
     0.34033334255218506
    ],
    [
     1.7486666440963745,
     0.3386666774749756
    ],
    [
     1.6171666383743286,
     0.3343333303928375
    ],
    [
     1.4798333644866943,
     0.33149999380111694
    ],
    [
     1.315166711807251,
     0.3215000033378601
    ],
    [
     1.096833348274231,
     0.30033332109451294
    ]
   ]
  },
  "conv": {
   "tau": 1.1409535545681138e-05,
   "acc": 0.7201666831970215,
   "steps": 5.8470001220703125,
   "gap_vs_persist_pp": 0.0,
   "corr_ans": 0.161703959107399,
   "decomposition": {
    "early_wrong": 0.0,
    "early_right": 0.05366666666666667,
    "budget_right": 0.6665,
    "budget_wrong": 0.2798333333333333
   },
   "curve": [
    [
     5.8470001220703125,
     0.7201666831970215
    ],
    [
     5.485499858856201,
     0.7201666831970215
    ],
    [
     5.26200008392334,
     0.7201666831970215
    ],
    [
     5.095333099365234,
     0.7201666831970215
    ],
    [
     4.905333518981934,
     0.7201666831970215
    ],
    [
     4.771999835968018,
     0.7199999690055847
    ],
    [
     4.633666515350342,
     0.7196666598320007
    ],
    [
     4.42983341217041,
     0.7199999690055847
    ],
    [
     4.1419997215271,
     0.7176666855812073
    ],
    [
     3.804833173751831,
     0.7134999632835388
    ],
    [
     3.4493331909179688,
     0.702833354473114
    ],
    [
     3.129499912261963,
     0.6858333349227905
    ],
    [
     2.797166585922241,
     0.6626666784286499
    ],
    [
     2.440500020980835,
     0.6013333201408386
    ],
    [
     2.0920000076293945,
     0.5073333382606506
    ]
   ]
  },
  "dstate": {
   "tau": 0.05146969482302666,
   "acc": 0.7199999690055847,
   "steps": 5.9623332023620605,
   "gap_vs_persist_pp": -0.016671419143676758,
   "corr_ans": 0.057613324373960495,
   "decomposition": {
    "early_wrong": 0.005,
    "early_right": 0.020166666666666666,
    "budget_right": 0.6998333333333333,
    "budget_wrong": 0.275
   },
   "curve": [
    [
     5.9623332023620605,
     0.7199999690055847
    ],
    [
     5.742166519165039,
     0.7176666855812073
    ],
    [
     5.481833457946777,
     0.715499997138977
    ],
    [
     5.2223334312438965,
     0.7113333344459534
    ],
    [
     4.947999954223633,
     0.7101666331291199
    ],
    [
     4.640833377838135,
     0.7043333053588867
    ],
    [
     4.279333114624023,
     0.6928333044052124
    ],
    [
     3.9188332557678223,
     0.6851666569709778
    ],
    [
     3.555833339691162,
     0.6754999756813049
    ],
    [
     3.172666549682617,
     0.6581666469573975
    ],
    [
     2.6738333702087402,
     0.5858333110809326
    ],
    [
     2.1516666412353516,
     0.5106666684150696
    ],
    [
     1.7066667079925537,
     0.4323333203792572
    ],
    [
     1.3355000019073486,
     0.35850000381469727
    ],
    [
     1.0225000381469727,
     0.2919999957084656
    ]
   ]
  },
  "recon": {
   "tau": 0.07829337567090988,
   "acc": 0.6644999980926514,
   "steps": 5.373000144958496,
   "gap_vs_persist_pp": -5.566668510437012,
   "corr_ans": -0.2534547448158264,
   "decomposition": {
    "early_wrong": 0.08766666666666667,
    "early_right": 0.03783333333333333,
    "budget_right": 0.6266666666666667,
    "budget_wrong": 0.24783333333333332
   },
   "curve": [
    [
     5.373000144958496,
     0.6644999980926514
    ],
    [
     3.8306665420532227,
     0.5199999809265137
    ],
    [
     3.2723333835601807,
     0.46549999713897705
    ],
    [
     2.92983341217041,
     0.4325000047683716
    ],
    [
     2.7103333473205566,
     0.4113333225250244
    ],
    [
     2.484833240509033,
     0.38983333110809326
    ],
    [
     2.2660000324249268,
     0.3748333156108856
    ],
    [
     2.1015000343322754,
     0.367333322763443
    ],
    [
     1.9149999618530273,
     0.3568333387374878
    ],
    [
     1.7094999551773071,
     0.343666672706604
    ],
    [
     1.5258333683013916,
     0.3331666588783264
    ],
    [
     1.3539999723434448,
     0.32499998807907104
    ],
    [
     1.2301666736602783,
     0.3149999976158142
    ],
    [
     1.1228333711624146,
     0.3006666600704193
    ],
    [
     1.0230000019073486,
     0.28949999809265137
    ]
   ]
  }
 },
 "random_curve": [
  [
   1.0,
   0.2878333330154419
  ],
  [
   1.9848333597183228,
   0.4573333263397217
  ],
  [
   3.004666566848755,
   0.5608333349227905
  ],
  [
   3.4828333854675293,
   0.5861666798591614
  ],
  [
   3.487666606903076,
   0.5899999737739563
  ],
  [
   3.4769999980926514,
   0.578166663646698
  ]
 ]
}