{
 "seed": 9,
 "persist_acc": 0.7228333353996277,
 "fixed_frontier": [
  [
   0.2840000092983246,
   1.0
  ],
  [
   0.47866666316986084,
   2.0
  ],
  [
   0.6025000214576721,
   3.0
  ],
  [
   0.7006666660308838,
   4.0
  ],
  [
   0.718999981880188,
   5.0
  ],
  [
   0.7228333353996277,
   6.0
  ]
 ],
 "arms": {
  "entropy": {
   "tau": 0.0001040259885485284,
   "acc": 0.6613333225250244,
   "steps": 5.432666778564453,
   "gap_vs_persist_pp": -6.150001287460327,
   "corr_ans": -0.4424889385700226,
   "decomposition": {
    "early_wrong": 0.09316666666666666,
    "early_right": 0.0235,
    "budget_right": 0.6378333333333334,
    "budget_wrong": 0.2455
   },
   "curve": [
    [
     5.432666778564453,
     0.6613333225250244
    ],
    [
     3.8396666049957275,
     0.4958333373069763
    ],
    [
     2.9523332118988037,
     0.41583332419395447
    ],
    [
     2.500499963760376,
     0.3889999985694885
    ],
    [
     2.381999969482422,
     0.37700000405311584
    ],
    [
     2.311500072479248,
     0.36916667222976685
    ],
    [
     2.2358334064483643,
     0.3619999885559082
    ],
    [
     2.0928332805633545,
     0.351666659116745
    ],
    [
     1.9546666145324707,
     0.343999981880188
    ],
    [
     1.8328332901000977,
     0.3395000100135803
    ],
    [
     1.7233333587646484,
     0.33633333444595337
    ],
    [
     1.6018333435058594,
     0.33416667580604553
    ],
    [
     1.471500039100647,
     0.33166664838790894
    ],
    [
     1.3213332891464233,
     0.3216666579246521
    ],
    [
     1.1016666889190674,
     0.3011666536331177
    ]
   ]
  },
  "conv": {
   "tau": 0.03449266776442528,
   "acc": 0.7235000133514404,
   "steps": 4.630499839782715,
   "gap_vs_persist_pp": 0.06666779518127441,
   "corr_ans": 0.14585751295089722,
   "decomposition": {
    "early_wrong": 0.0535,
    "early_right": 0.4665,
    "budget_right": 0.257,
    "budget_wrong": 0.223
   },
   "curve": [
    [
     5.870166778564453,
     0.7228333353996277
    ],
    [
     5.545000076293945,
     0.7228333353996277
    ],
    [
     5.287166595458984,
     0.7228333353996277
    ],
    [
     5.113500118255615,
     0.7231666445732117
    ],
    [
     4.929666519165039,
     0.7233332991600037
    ],
    [
     4.79283332824707,
     0.7236666679382324
    ],
    [
     4.630499839782715,
     0.7235000133514404
    ],
    [
     4.4039998054504395,
     0.7226666808128357
    ],
    [
     4.124666690826416,
     0.7208333015441895
    ],
    [
     3.7925000190734863,
     0.7105000019073486
    ],
    [
     3.436833381652832,
     0.6924999952316284
    ],
    [
     3.11733341217041,
     0.6775000095367432
    ],
    [
     2.7788333892822266,
     0.653333306312561
    ],
    [
     2.444499969482422,
     0.5913333296775818
    ],
    [
     2.1006667613983154,
     0.503333330154419
    ]
   ]
  },
  "dstate": {
   "tau": 0.04788632690906525,
   "acc": 0.7228333353996277,
   "steps": 5.953999996185303,
   "gap_vs_persist_pp": 0.0,
   "corr_ans": 0.0325213223695755,
   "decomposition": {
    "early_wrong": 0.009,
    "early_right": 0.017,
    "budget_right": 0.7058333333333333,
    "budget_wrong": 0.26816666666666666
   },
   "curve": [
    [
     5.953999996185303,
     0.7228333353996277
    ],
    [
     5.702000141143799,
     0.7210000157356262
    ],
    [
     5.453999996185303,
     0.7181666493415833
    ],
    [
     5.181833267211914,
     0.7134999632835388
    ],
    [
     4.890666484832764,
     0.7056666612625122
    ],
    [
     4.566166400909424,
     0.6971666812896729
    ],
    [
     4.219333171844482,
     0.6851666569709778
    ],
    [
     3.871333360671997,
     0.6778333187103271
    ],
    [
     3.5244998931884766,
     0.6671666502952576
    ],
    [
     3.1393332481384277,
     0.6506666541099548
    ],
    [
     2.6678333282470703,
     0.5834999680519104
    ],
    [
     2.176333427429199,
     0.5065000057220459
    ],
    [
     1.719499945640564,
     0.42899999022483826
    ],
    [
     1.3301666975021362,
     0.3518333435058594
    ],
    [
     1.0264999866485596,
     0.2888333201408386
    ]
   ]
  },
  "recon": {
   "tau": 0.07772863656282425,
   "acc": 0.6728333234786987,
   "steps": 5.448666572570801,
   "gap_vs_persist_pp": -5.0000011920928955,
   "corr_ans": -0.23214903473854065,
   "decomposition": {
    "early_wrong": 0.07966666666666666,
    "early_right": 0.030666666666666665,
    "budget_right": 0.6421666666666667,
    "budget_wrong": 0.2475
   },
   "curve": [
    [
     5.448666572570801,
     0.6728333234786987
    ],
    [
     3.7874999046325684,
     0.5141666531562805
    ],
    [
     3.2193334102630615,
     0.45749998092651367
    ],
    [
     2.922333240509033,
     0.4259999990463257
    ],
    [
     2.696333408355713,
     0.4051666557788849
    ],
    [
     2.440833330154419,
     0.38449999690055847
    ],
    [
     2.2200000286102295,
     0.3688333332538605
    ],
    [
     2.0316667556762695,
     0.3583333194255829
    ],
    [
     1.8323333263397217,
     0.3493333160877228
    ],
    [
     1.653499960899353,
     0.3400000035762787
    ],
    [
     1.4838333129882812,
     0.3333333432674408
    ],
    [
     1.3603333234786987,
     0.3229999840259552
    ],
    [
     1.2589999437332153,
     0.3148333430290222
    ],
    [
     1.1401666402816772,
     0.2971666753292084
    ],
    [
     1.0161666870117188,
     0.28433331847190857
    ]
   ]
  }
 },
 "random_curve": [
  [
   1.0,
   0.2840000092983246
  ],
  [
   1.9978333711624146,
   0.45399999618530273
  ],
  [
   3.007833242416382,
   0.5588333010673523
  ],
  [
   3.497999906539917,
   0.5830000042915344
  ],
  [
   3.4613332748413086,
   0.5764999985694885
  ],
  [
   3.4768333435058594,
   0.577833354473114
  ]
 ]
}