{
 "seed": 1,
 "persist_acc": 0.7160000205039978,
 "fixed_frontier": [
  [
   0.2826666533946991,
   1.0
  ],
  [
   0.46449998021125793,
   2.0
  ],
  [
   0.5929999947547913,
   3.0
  ],
  [
   0.6959999799728394,
   4.0
  ],
  [
   0.7120000123977661,
   5.0
  ],
  [
   0.7160000205039978,
   6.0
  ]
 ],
 "arms": {
  "entropy": {
   "tau": 0.00014608041965402663,
   "acc": 0.6568333506584167,
   "steps": 5.39300012588501,
   "gap_vs_persist_pp": -5.9166669845581055,
   "corr_ans": -0.4517127573490143,
   "decomposition": {
    "early_wrong": 0.08633333333333333,
    "early_right": 0.038,
    "budget_right": 0.6188333333333333,
    "budget_wrong": 0.25683333333333336
   },
   "curve": [
    [
     5.39300012588501,
     0.6568333506584167
    ],
    [
     3.7168333530426025,
     0.4884999990463257
    ],
    [
     2.929333209991455,
     0.41083332896232605
    ],
    [
     2.5304999351501465,
     0.3853333294391632
    ],
    [
     2.4140000343322754,
     0.37433332204818726
    ],
    [
     2.3299999237060547,
     0.3648333251476288
    ],
    [
     2.2309999465942383,
     0.3568333387374878
    ],
    [
     2.112499952316284,
     0.34816667437553406
    ],
    [
     1.96916663646698,
     0.3408333361148834
    ],
    [
     1.879333257675171,
     0.335833340883255
    ],
    [
     1.7863333225250244,
     0.3321666717529297
    ],
    [
     1.6579999923706055,
     0.32766667008399963
    ],
    [
     1.5163333415985107,
     0.32383331656455994
    ],
    [
     1.3281666040420532,
     0.31333333253860474
    ],
    [
     1.1021666526794434,
     0.2953333258628845
    ]
   ]
  },
  "conv": {
   "tau": 0.02833087183535099,
   "acc": 0.7164999842643738,
   "steps": 4.644833087921143,
   "gap_vs_persist_pp": 0.049996376037597656,
   "corr_ans": 0.14353394508361816,
   "decomposition": {
    "early_wrong": 0.049833333333333334,
    "early_right": 0.4703333333333333,
    "budget_right": 0.24616666666666667,
    "budget_wrong": 0.23366666666666666
   },
   "curve": [
    [
     5.860499858856201,
     0.7160000205039978
    ],
    [
     5.546999931335449,
     0.7160000205039978
    ],
    [
     5.302833080291748,
     0.7160000205039978
    ],
    [
     5.12233304977417,
     0.7160000205039978
    ],
    [
     4.932666778564453,
     0.7160000205039978
    ],
    [
     4.794333457946777,
     0.7160000205039978
    ],
    [
     4.644833087921143,
     0.7164999842643738
    ],
    [
     4.426333427429199,
     0.715666651725769
    ],
    [
     4.159999847412109,
     0.7123333215713501
    ],
    [
     3.8439998626708984,
     0.7091666460037231
    ],
    [
     3.495833396911621,
     0.6961666345596313
    ],
    [
     3.1410000324249268,
     0.6743333339691162
    ],
    [
     2.814333200454712,
     0.6509999632835388
    ],
    [
     2.441999912261963,
     0.5836666822433472
    ],
    [
     2.0915000438690186,
     0.4881666600704193
    ]
   ]
  },
  "dstate": {
   "tau": 0.04952855035662651,
   "acc": 0.7143333554267883,
   "steps": 5.938833236694336,
   "gap_vs_persist_pp": -0.16666650772094727,
   "corr_ans": 0.06743357330560684,
   "decomposition": {
    "early_wrong": 0.013833333333333333,
    "early_right": 0.020833333333333332,
    "budget_right": 0.6935,
    "budget_wrong": 0.2718333333333333
   },
   "curve": [
    [
     5.938833236694336,
     0.7143333554267883
    ],
    [
     5.692166805267334,
     0.7138333320617676
    ],
    [
     5.418666839599609,
     0.7101666331291199
    ],
    [
     5.18483304977417,
     0.7056666612625122
    ],
    [
     4.9098334312438965,
     0.7041666507720947
    ],
    [
     4.603833198547363,
     0.6978332996368408
    ],
    [
     4.257833480834961,
     0.6854999661445618
    ],
    [
     3.8978333473205566,
     0.6761666536331177
    ],
    [
     3.551833391189575,
     0.6639999747276306
    ],
    [
     3.1713333129882812,
     0.6541666388511658
    ],
    [
     2.7078332901000977,
     0.5898333191871643
    ],
    [
     2.200833320617676,
     0.5093333125114441
    ],
    [
     1.7459999322891235,
     0.4284999966621399
    ],
    [
     1.3524999618530273,
     0.3558333218097687
    ],
    [
     1.025333285331726,
     0.28833332657814026
    ]
   ]
  },
  "recon": {
   "tau": 0.07490133494138718,
   "acc": 0.6581666469573975,
   "steps": 5.387666702270508,
   "gap_vs_persist_pp": -5.783337354660034,
   "corr_ans": -0.24666745960712433,
   "decomposition": {
    "early_wrong": 0.09316666666666666,
    "early_right": 0.029333333333333333,
    "budget_right": 0.6288333333333334,
    "budget_wrong": 0.24866666666666667
   },
   "curve": [
    [
     5.387666702270508,
     0.6581666469573975
    ],
    [
     3.7730000019073486,
     0.5111666321754456
    ],
    [
     3.252333402633667,
     0.46033331751823425
    ],
    [
     2.9626667499542236,
     0.4286666512489319
    ],
    [
     2.7281665802001953,
     0.40533334016799927
    ],
    [
     2.484499931335449,
     0.3840000033378601
    ],
    [
     2.2763333320617676,
     0.36766666173934937
    ],
    [
     2.061833381652832,
     0.35383331775665283
    ],
    [
     1.7944999933242798,
     0.3426666557788849
    ],
    [
     1.5581666231155396,
     0.33016666769981384
    ],
    [
     1.3854999542236328,
     0.3199999928474426
    ],
    [
     1.2879999876022339,
     0.3165000081062317
    ],
    [
     1.2266666889190674,
     0.3113333284854889
    ],
    [
     1.1388332843780518,
     0.29766666889190674
    ],
    [
     1.0078333616256714,
     0.28200000524520874
    ]
   ]
  }
 },
 "random_curve": [
  [
   1.0,
   0.2826666533946991
  ],
  [
   2.00683331489563,
   0.4493333399295807
  ],
  [
   2.990999937057495,
   0.5491666793823242
  ],
  [
   3.502333402633667,
   0.5738333463668823
  ],
  [
   3.512166738510132,
   0.5753333568572998
  ],
  [
   3.49316668510437,
   0.5721666812896729
  ]
 ]
}