{
 "seed": 0,
 "configs": {
  "fixed": {
   "acc": 0.4345833510160446,
   "steps": 6.000000476837158,
   "acc_q": [
    0.4000000059604645,
    0.44200003147125244,
    0.42500001192092896,
    0.4490000307559967,
    0.43400001525878906,
    0.43400001525878906,
    0.4320000112056732,
    0.4270000159740448,
    0.4390000104904175,
    0.45000001788139343,
    0.46800002455711365,
    0.4150000214576721
   ]
  },
  "+halt": {
   "acc": 0.2799166813492775,
   "steps": 1.635333428780238,
   "acc_q": [
    0.2639999985694885,
    0.2760000228881836,
    0.27400001883506775,
    0.30000001192092896,
    0.2970000207424164,
    0.2680000066757202,
    0.2800000011920929,
    0.26200002431869507,
    0.2900000214576721,
    0.2900000214576721,
    0.28600001335144043,
    0.2720000147819519
   ]
  },
  "persist": {
   "acc": 0.7220000301798185,
   "steps": 6.000000476837158,
   "acc_q": [
    0.4000000059604645,
    0.5890000462532043,
    0.6800000071525574,
    0.7630000114440918,
    0.7680000066757202,
    0.7690000534057617,
    0.7890000343322754,
    0.7600000500679016,
    0.7920000553131104,
    0.7760000228881836,
    0.7860000133514404,
    0.7920000553131104
   ]
  },
  "both": {
   "acc": 0.44591668744881946,
   "steps": 3.3136668602625527,
   "acc_q": [
    0.34300002455711365,
    0.3630000054836273,
    0.39000001549720764,
    0.453000009059906,
    0.4820000231266022,
    0.4740000367164612,
    0.4960000216960907,
    0.44200003147125244,
    0.49000000953674316,
    0.47300001978874207,
    0.46300002932548523,
    0.4820000231266022
   ]
  }
 },
 "depth_vs_K": {
  "0": 4.810452461242676,
  "1": 2.811722993850708,
  "2": 4.977169036865234,
  "3": 5.851685523986816,
  "4": 5.9242424964904785
 },
 "corr_ans_sur0": -0.441908061504364
}