{
 "seed": 9,
 "configs": {
  "fixed": {
   "acc": 0.430666687587897,
   "steps": 6.000000476837158,
   "acc_q": [
    0.4190000295639038,
    0.43800002336502075,
    0.4350000321865082,
    0.43400001525878906,
    0.4350000321865082,
    0.4400000274181366,
    0.42000001668930054,
    0.4220000207424164,
    0.4300000071525574,
    0.4390000104904175,
    0.42600002884864807,
    0.4300000071525574
   ]
  },
  "+halt": {
   "acc": 0.28300000975529355,
   "steps": 1.665000081062317,
   "acc_q": [
    0.28700000047683716,
    0.2880000174045563,
    0.29100000858306885,
    0.2750000059604645,
    0.26500001549720764,
    0.2930000126361847,
    0.2800000011920929,
    0.27400001883506775,
    0.28200000524520874,
    0.29600000381469727,
    0.29600000381469727,
    0.26900002360343933
   ]
  },
  "persist": {
   "acc": 0.7199167013168335,
   "steps": 6.000000476837158,
   "acc_q": [
    0.4190000295639038,
    0.5740000009536743,
    0.7230000495910645,
    0.7570000290870667,
    0.7750000357627869,
    0.7680000066757202,
    0.76500004529953,
    0.7740000486373901,
    0.7700000405311584,
    0.7820000648498535,
    0.753000020980835,
    0.7790000438690186
   ]
  },
  "both": {
   "acc": 0.4424166927735011,
   "steps": 3.305166800816854,
   "acc_q": [
    0.3530000150203705,
    0.3830000162124634,
    0.44300001859664917,
    0.4540000259876251,
    0.4650000333786011,
    0.4490000307559967,
    0.4740000367164612,
    0.44700002670288086,
    0.4650000333786011,
    0.4540000259876251,
    0.45100003480911255,
    0.4710000157356262
   ]
  }
 },
 "depth_vs_K": {
  "0": 4.7519683837890625,
  "1": 2.7618470191955566,
  "2": 5.021671772003174,
  "3": 5.8080573081970215,
  "4": 5.939240455627441
 },
 "corr_ans_sur0": -0.46747490763664246
}