{
 "seed": 2,
 "configs": {
  "fixed": {
   "acc": 0.4362500210603078,
   "steps": 6.000000476837158,
   "acc_q": [
    0.44600000977516174,
    0.4360000193119049,
    0.4610000252723694,
    0.42900002002716064,
    0.41700002551078796,
    0.44600000977516174,
    0.4140000343322754,
    0.45500001311302185,
    0.4300000071525574,
    0.44200003147125244,
    0.4240000247955322,
    0.4350000321865082
   ]
  },
  "+halt": {
   "acc": 0.2734166805942853,
   "steps": 1.683250069618225,
   "acc_q": [
    0.2990000247955322,
    0.27300000190734863,
    0.2900000214576721,
    0.26200002431869507,
    0.2580000162124634,
    0.2930000126361847,
    0.27000001072883606,
    0.281000018119812,
    0.25200000405311584,
    0.2750000059604645,
    0.26600000262260437,
    0.26200002431869507
   ]
  },
  "persist": {
   "acc": 0.7214167043566704,
   "steps": 6.000000476837158,
   "acc_q": [
    0.44600000977516174,
    0.5840000510215759,
    0.7100000381469727,
    0.7690000534057617,
    0.7410000562667847,
    0.7800000309944153,
    0.7790000438690186,
    0.7700000405311584,
    0.7750000357627869,
    0.7660000324249268,
    0.7490000128746033,
    0.7880000472068787
   ]
  },
  "both": {
   "acc": 0.4468333547314008,
   "steps": 3.331250170866648,
   "acc_q": [
    0.3530000150203705,
    0.38100001215934753,
    0.453000009059906,
    0.45900002121925354,
    0.4440000355243683,
    0.46300002932548523,
    0.47700002789497375,
    0.4750000238418579,
    0.47300001978874207,
    0.4620000123977661,
    0.45000001788139343,
    0.47200003266334534
   ]
  }
 },
 "depth_vs_K": {
  "0": 4.856914520263672,
  "1": 2.8290441036224365,
  "2": 5.119266033172607,
  "3": 5.817977428436279,
  "4": 5.959524154663086
 },
 "corr_ans_sur0": -0.44409266114234924
}